"id","deviceid","incidentid","type","timestamp","location","status","description"
"979cb5db-23f8-4842-9bf5-a47d6eb0d7bf","Vehicle-DM258","5eb53e4b-4df3-493f-a702-d596e5ba0f2f","Police","2026-02-01 01:50:21.885","[52.38495440903845,-1.7117238789144391]","Resolved","Description of the Incident"
"bb4251af-4c1e-496b-b9b3-ab599128a625","Vehicle-DM258","da840860-8801-4ca4-a4ab-9a2f53f148c1","Medical","2026-02-01 01:53:37.885","[52.423251438601774,-1.7827637580964668]","Active","Description of the Incident"
"ce4a0dc7-623f-4501-b3fe-5bd214cf1297","Vehicle-DM258","f6f077ac-5880-4114-b4df-8cb547eef98e","Police","2026-02-01 18:59:46.407","[51.80723541471727,-0.6742984038433006]","Active","Description of the Incident"
"dad34270-8680-4b22-b724-a0a0ca5920cf","Vehicle-DM258","37ad4b63-bdd2-4aee-a01d-e1bf4a2158b0","None","2026-02-01 01:51:10.885","[52.39431589975422,-1.7297690884370283]","Resolved","Description of the Incident"
"84241a5a-bb9d-471e-a1e5-e6eacac73e28","Vehicle-DM258","cee26e22-f5ed-40df-a67e-a0b1cdf5830f","Accident","2026-02-01 19:00:37.407","[51.81704333506583,-0.6916178929736005]","Resolved","Description of the Incident"
"a7d1d071-03d0-4127-b8af-d23a7556ccee","Vehicle-DM258","72d3f48d-f8d4-45fd-8a9a-f7c6c81c0cd8","None","2026-02-01 19:01:17.407","[51.82683845756987,-0.7090770000694948]","Resolved","Description of the Incident"
"17c5135c-8458-4add-8d3f-962742ee14e4","Vehicle-DM258","bdd6183f-efb9-44db-b8a9-39ca70d6d4d8","None","2026-02-01 01:54:28.885","[52.43311735712017,-1.8006770192907948]","Active","Description of the Incident"
"0870c52b-51ae-402b-95da-e91e3a7445fb","Vehicle-DM258","0d4d385d-c5b1-4478-8a4b-82dd2943bf51","None","2026-02-01 01:55:20.885","[52.44301435203572,-1.818145188062796]","Resolved","Description of the Incident"
"9d05c672-40e1-413b-af8b-b6260b07e2e0","Vehicle-DM258","da3e7390-5d02-48d8-9040-1c4da8148e63","Fire","2026-02-01 18:56:38.407","[51.76937664596153,-0.6042915243547452]","Resolved","Description of the Incident"
"1f1024d8-6551-4d1f-a151-ad380e6cea18","Vehicle-DM258","fe218660-3b7a-40f9-8527-29bd6b87973d","Accident","2026-02-01 18:57:18.407","[51.778689432323425,-0.6216809598829901]","Resolved","Description of the Incident"
"083f5548-d9d2-4a9d-87bb-2d94048465cd","Vehicle-DM258","15d369db-4a62-4255-85ae-c9b4e0a9d1d7","None","2026-02-01 18:36:03.407","[51.51732742679845,-0.14590098924477735]","Active","Description of the Incident"
"92b446fa-9bd9-4c4b-be10-20391b1a356d","Vehicle-DM258","f5bdb77c-3a9b-421e-8dae-0fdcdc7a5020","Fire","2026-02-01 18:36:55.407","[51.52717667186139,-0.16331096963185496]","Active","Description of the Incident"
"4431b403-1586-4a32-b533-2159a6dd6ea5","Vehicle-DM258","a03a32f2-dfdf-4022-bcd7-3346c536ed7c","Police","2026-02-01 18:37:27.407","[51.5374218849336,-0.18110037508674234]","Active","Description of the Incident"
"489fa563-2ecc-4581-af95-d9e2f57b4ffc","Vehicle-DM258","e1c1abf8-1ed1-490b-90c1-8f0f8e4c198b","Fire","2026-02-01 18:38:16.407","[51.547261925564875,-0.19839697042248935]","Active","Description of the Incident"
"7d756534-24f8-4600-9bd5-53cd5f46c47b","Vehicle-DM258","0cba5fad-0701-411a-968d-657a9fea3c62","Fire","2026-02-01 18:39:12.407","[51.55693005178991,-0.21606956012012093]","Active","Description of the Incident"
"6652a605-7d98-45d8-a23f-f1a8bca69400","Vehicle-DM258","2529a080-2e5f-4eb1-a3a9-5e5536bc4be3","Accident","2026-02-01 18:40:11.407","[51.56638145428367,-0.23381610467836328]","Active","Description of the Incident"
"56c96d19-bb4a-4b13-b108-e81cf2262d7d","Vehicle-DM258","b7f2515e-a1c1-43d1-90c1-e63c237ae2ac","Medical","2026-02-01 18:41:03.407","[51.57658259040786,-0.25137492462688477]","Resolved","Description of the Incident"
"de3692d8-fbbd-479e-a213-97afe8c5ddd8","Vehicle-DM258","d0ccad02-1402-4167-8a44-5ea4970fa56d","Police","2026-02-01 18:41:40.407","[51.58676841329146,-0.2691015241217443]","Active","Description of the Incident"
"25635660-5cf3-4b4c-bdcb-b591dbbacfa1","Vehicle-DM258","a926e0f2-eb3f-43d8-9a4c-2d0938864f3c","Medical","2026-02-01 18:42:24.407","[51.596441180603136,-0.2866316356933832]","Active","Description of the Incident"
"4f8e3715-894d-45dc-a679-e2c8708097f1","Vehicle-DM258","f02956ca-5ed0-482c-88a8-a60b0dbcc1a9","None","2026-02-01 18:42:54.407","[51.60602268073178,-0.30459947793903847]","Active","Description of the Incident"
"e0c7815e-5b49-4fb5-b42d-4406dc7e163f","Vehicle-DM258","8d38bf28-45f1-4793-a22f-a05ebebaa719","Medical","2026-02-01 18:43:41.407","[51.61546352000033,-0.3219629671389633]","Active","Description of the Incident"
"0cbe0764-0790-4d40-ad02-93b38ac6b13d","Vehicle-DM258","6805b477-7978-4c82-bce1-982e5ce9868c","None","2026-02-01 18:44:41.407","[51.624809445166825,-0.3392109575397592]","Resolved","Description of the Incident"
"fe210e1d-2145-40db-9c2f-7153a34a3437","Vehicle-DM258","f67cd7d3-b9fc-49c6-942f-a5621d658546","Accident","2026-02-01 18:45:35.407","[51.635061808072834,-0.356408044046757]","Resolved","Description of the Incident"
"9038aa0e-91d6-4e0b-942a-74616041a2db","Vehicle-DM258","4530f7f8-f397-4610-a581-7b65675936c5","Fire","2026-02-01 18:46:23.407","[51.64437084233284,-0.3739801225243325]","Resolved","Description of the Incident"
"c608741c-404f-4b9e-962d-360a1aa4a039","Vehicle-DM258","6a79491d-7e59-41b6-b8e5-be815b7cfcb5","Police","2026-02-01 18:46:57.407","[51.654327820111135,-0.39189188571696204]","Resolved","Description of the Incident"
"28a1819c-a1fd-42ab-8ec0-c1585bb681dd","Vehicle-DM258","fbcd2fb7-60e7-419e-9402-0bfc9aa290f8","Fire","2026-02-01 18:47:50.407","[51.664039398734154,-0.40955086104892535]","Resolved","Description of the Incident"
"f496edc5-452e-4137-bc34-e394afaae6a6","Vehicle-DM258","8ae8ddfe-233d-45f4-96f1-7de03865666f","None","2026-02-01 01:34:59.885","[52.16675170193778,-1.325095403814997]","Resolved","Description of the Incident"
"c8ecbb83-b207-416c-a7e6-bdce484288ac","Vehicle-DM258","a7f58c48-c7e6-4e2c-84ca-a18570ce4231","Police","2026-02-01 01:35:44.885","[52.176904962532475,-1.3427748564219537]","Active","Description of the Incident"
"681b262c-d006-46f1-bba6-2e5f8bcb43cd","Vehicle-DM258","6c3b2887-89c3-41ec-9f78-e44b50672c63","Police","2026-02-01 01:36:24.885","[52.18704897550846,-1.360490081326404]","Active","Description of the Incident"
"09b1b10a-9c88-43ac-9123-3d31d521dc85","Vehicle-DM258","18b38abd-7d89-45c1-a87a-280ee49afb1a","Accident","2026-02-01 01:37:04.885","[52.196463221778274,-1.377650727736227]","Resolved","Description of the Incident"
"ca77788b-7508-4135-a2ae-a5484b3891ed","Vehicle-DM258","e7068501-7ac5-4b10-9f57-fed0bae9d86b","None","2026-02-01 01:37:53.885","[52.206532747069545,-1.3955117049566836]","Active","Description of the Incident"
"78230a32-d592-4412-8ad2-3f0f4517156d","Vehicle-DM258","c8d25294-12de-4d04-8b3e-67a57dbe3f5b","Police","2026-02-01 01:29:58.885","[52.10837510980118,-1.2191356412423011]","Resolved","Description of the Incident"
"0ce5fd8f-9c4d-4a17-bbc1-0aff0f8cf24c","Vehicle-DM258","ae89b34b-7c9e-46e6-8d8d-bd10129c8150","Police","2026-02-01 01:30:48.885","[52.1178445989484,-1.2366763116170232]","Resolved","Description of the Incident"
"4b13f9e8-96d7-41a6-973d-cdc156383a9e","Vehicle-DM258","7dc8c681-1550-4791-971c-814502351606","None","2026-02-01 01:13:26.885","[51.915238426543844,-0.866419113405565]","Active","Description of the Incident"
"d43c178b-38fe-4da1-9643-af34c1919eb4","Vehicle-DM258","152302c7-a5c9-4ca2-87a5-57e79c29a9ea","Medical","2026-02-01 01:14:17.885","[51.92543335540643,-0.8839532206299371]","Resolved","Description of the Incident"
"e76bb920-af17-4344-a975-45cc2e2437d1","Vehicle-DM258","0cc0e753-422c-4a73-b7f9-67f2abbac7e4","Accident","2026-02-01 01:15:11.885","[51.93548258511433,-0.9017000944143729]","Active","Description of the Incident"
"b40ed902-10ad-4af9-9e45-ad0f14a490d3","Vehicle-DM258","6285c729-a24f-42ab-8654-38d2ff415433","Accident","2026-02-01 19:26:23.407","[52.12779518248539,-1.2544018593622095]","Resolved","Description of the Incident"
"b7df05db-7a07-4eee-b747-a3440656f756","Vehicle-DM258","39e099d9-8817-4a22-9ea7-aa2443b8ea87","Police","2026-02-01 19:27:04.407","[52.137496430056196,-1.272340276820815]","Active","Description of the Incident"
"8825b47a-755c-45fa-ba7d-f1a7fe3e9aa1","Vehicle-DM258","de728dfe-53f8-48c2-a4e4-18d72c7c1e8c","Accident","2026-02-01 19:27:59.407","[52.14681329949864,-1.289836254543811]","Active","Description of the Incident"
"411c8f18-99e7-4950-b87b-5af756a63b2c","Vehicle-DM258","d149f1c3-a57d-4230-a4a4-44cd03847e16","None","2026-02-01 19:28:45.407","[52.15659967500335,-1.307245651217819]","Active","Description of the Incident"
"6b02e017-7a6a-4e8c-9002-2d9e3507a2bb","Vehicle-DM258","14f20809-ab45-4ea7-846d-c791cd3d3eca","None","2026-02-01 19:29:40.407","[52.16675170193778,-1.325095403814997]","Resolved","Description of the Incident"
"574d1f2b-3c20-4496-b9ea-70234428b585","Vehicle-DM258","d0ddee30-1aca-42a4-85d1-bcc3b29f0fc9","Medical","2026-02-01 01:15:47.885","[51.94552481831839,-0.918876482681657]","Resolved","Description of the Incident"
"85962be1-a135-4105-9a7c-20773fd4701a","Vehicle-DM258","fcc9eb1a-788b-4b65-95d3-3ce6ced820d4","Police","2026-02-01 01:16:40.885","[51.954980607461756,-0.9363952351877661]","Resolved","Description of the Incident"
"5f83f408-a078-4dff-b8e2-d33b661532b5","Vehicle-DM258","9e7a7e05-4bb6-4a47-8eff-f85144d3a35c","Accident","2026-02-01 19:34:38.407","[52.23588327704901,-1.4481420188646423]","Resolved","Description of the Incident"
"6a6947b7-127f-4b69-9bd7-f7e617fd703c","Vehicle-DM258","fbc40df1-bcc1-45ee-ae77-f2b6314e4a18","Medical","2026-02-01 19:35:13.407","[52.24607248647261,-1.4655904079789432]","Active","Description of the Incident"
"5d5e11eb-c4c5-4e0a-82ed-1b852a5f07d9","Vehicle-DM258","d63e3eab-1282-4d90-9a4e-0d306359bf4e","None","2026-02-01 19:35:46.407","[52.25635986003812,-1.482863072520283]","Active","Description of the Incident"
"b33831de-138b-4505-873d-e5e8361e61ee","Vehicle-DM258","818d19b0-74b2-4325-9641-2ec683ee805d","None","2026-01-31 00:17:54.650","[51.51732742679845,-0.14590098924477735]","Active","Description of the Incident"
"26d23638-6500-45f7-9d44-0f814ff071ba","Vehicle-DM258","94437d9d-3160-4d0e-88c1-a8f0889e600e","Fire","2026-01-31 00:18:46.650","[51.52717667186139,-0.16331096963185496]","Active","Description of the Incident"
"e7ca52c3-d0d5-4da7-9228-efb48b7758e3","Vehicle-DM258","ca67c2e8-bcc4-4fab-aef1-4bb55836ac08","Police","2026-01-31 00:19:18.650","[51.5374218849336,-0.18110037508674234]","Active","Description of the Incident"
"ca85f7fd-888b-43ad-bcf8-e98c6514301e","Vehicle-DM258","54536f12-bb03-44a6-9271-95a1cc88ee36","Fire","2026-01-31 00:20:07.650","[51.547261925564875,-0.19839697042248935]","Active","Description of the Incident"
"18b5bedb-3987-40b7-a5b6-c877815fd475","Vehicle-DM258","ab3fa973-bcff-4501-94f4-4f964d1096f8","Fire","2026-01-31 00:21:03.650","[51.55693005178991,-0.21606956012012093]","Active","Description of the Incident"
"5adf099e-ceb8-4e70-ba26-fdee4697bfc1","Vehicle-DM258","4ea8a9b0-33d2-4f55-abb0-a1c527692754","Accident","2026-01-31 00:22:02.650","[51.56638145428367,-0.23381610467836328]","Active","Description of the Incident"
"fc57918a-fd79-4b71-bc5f-7a0886655fb1","Vehicle-DM258","437a9407-c406-46ff-8012-3593f43e3a01","Medical","2026-01-31 00:22:54.650","[51.57658259040786,-0.25137492462688477]","Resolved","Description of the Incident"
"4182bb22-23a9-41f9-9fd1-b1013eaa74c6","Vehicle-DM258","4bed1839-26d2-461e-992c-da97e1170528","Police","2026-01-31 00:23:31.650","[51.58676841329146,-0.2691015241217443]","Active","Description of the Incident"
"61f9a310-238f-417b-b0d0-9b452d07e655","Vehicle-DM258","1783bebb-0e76-429f-b558-f0893b084fa7","Medical","2026-01-31 00:24:15.650","[51.596441180603136,-0.2866316356933832]","Active","Description of the Incident"
"72fcf5dd-a213-4df7-bae3-88b95f0056f0","Vehicle-DM258","2e0da004-c4ea-4cb9-a0b7-ce88e82a4e97","None","2026-01-31 00:24:45.650","[51.60602268073178,-0.30459947793903847]","Active","Description of the Incident"
"a1e7a7c2-2401-4c0a-afec-782db9b8168b","Vehicle-DM258","bcb59335-3ff6-477a-b4d8-e4b229686969","Medical","2026-01-31 00:25:32.650","[51.61546352000033,-0.3219629671389633]","Active","Description of the Incident"
"a0548d9a-0583-4e18-8c83-6e3488f6baaa","Vehicle-DM258","3da1e3b5-e46d-455d-94e4-2f8c2504fea8","None","2026-01-31 00:26:32.650","[51.624809445166825,-0.3392109575397592]","Resolved","Description of the Incident"
"2138f58b-341c-4ccf-8075-215917c854c8","Vehicle-DM258","52ced588-edc2-4800-93fd-0ff6c78df137","Accident","2026-01-31 00:27:26.650","[51.635061808072834,-0.356408044046757]","Resolved","Description of the Incident"
"4bee93bc-9dd4-4eb3-9ff4-d97fa21cc1d8","Vehicle-DM258","4027ae06-07fd-414e-b920-f4e1be53042e","Fire","2026-01-31 00:28:14.650","[51.64437084233284,-0.3739801225243325]","Resolved","Description of the Incident"
"bc6e63c9-6fcd-4d3e-bed3-4326e7261595","Vehicle-DM258","af6d22e5-06f7-4f53-bdf8-e834ce8cbb6c","Police","2026-01-31 00:28:48.650","[51.654327820111135,-0.39189188571696204]","Resolved","Description of the Incident"
"406d0dcf-24b6-4cfc-b05f-31eb1917bd2b","Vehicle-DM258","771241b7-a860-44fc-bcf6-4ff97bda583e","Fire","2026-01-31 00:29:41.650","[51.664039398734154,-0.40955086104892535]","Resolved","Description of the Incident"
"653d1f14-4af5-4796-8afd-e603332e3cef","Vehicle-DM258","79aead8a-7847-4782-b48d-f512af49b65a","Fire","2026-01-31 00:30:25.650","[51.67346758103125,-0.42749337301313817]","Active","Description of the Incident"
"9e945f98-6961-48f7-aac9-289f9e3f336c","Vehicle-DM258","56539c70-7736-4329-8151-91c1121e1eff","None","2026-01-31 00:31:22.650","[51.6831619950892,-0.44513801459516716]","Resolved","Description of the Incident"
"960628b4-89d0-44a3-8239-883937dfc890","Vehicle-DM258","556293a9-e79f-4bab-91c5-9b777ac55699","None","2026-01-31 00:32:22.650","[51.692604791914476,-0.46296730676967257]","Active","Description of the Incident"
"e30bf7c6-2da4-40d2-bdee-e166257161ad","Vehicle-DM258","f8c01b95-9484-41f7-841f-9355ad3c1680","None","2026-01-31 00:33:19.650","[51.701949671494205,-0.48058547827267917]","Active","Description of the Incident"
"5e38750e-4ed5-417c-89e0-ddcee3c005e4","Vehicle-DM258","a7a0c400-be26-4452-ab9e-b7691ed8cc11","Police","2026-01-31 00:34:07.650","[51.711857053004536,-0.49829225335734334]","Resolved","Description of the Incident"
"95d169f7-e8e9-4f78-ac49-f12e36fcad0a","Vehicle-DM258","8c0733cc-c4f5-4cc1-8d35-1c8d3403bfbd","Accident","2026-01-31 00:34:37.650","[51.722074071336245,-0.5154825190698985]","Active","Description of the Incident"
"7f144e15-bb73-4c43-8489-5a3ee507f6cf","Vehicle-DM258","beca9123-6c50-450a-b34a-c22c3fd7b852","Fire","2026-01-31 00:35:33.650","[51.731731598424986,-0.5334507722375413]","Resolved","Description of the Incident"
"4266e5ca-ecbf-4ebf-b9a0-60f8ea0d1131","Vehicle-DM258","bbbb2bdd-c57a-4685-a75d-67b21a602afa","Medical","2026-01-31 00:36:20.650","[51.7411350270954,-0.551469736259832]","Active","Description of the Incident"
"cde3e461-14da-4bf7-a45f-f6e0861dd856","Vehicle-DM258","33e56953-7fb0-436f-99a8-ae30602cc348","Accident","2026-01-31 00:36:58.650","[51.750515325563114,-0.5691721604872683]","Active","Description of the Incident"
"b80740b5-f8d6-4403-a5ce-9987a728fcd9","Vehicle-DM258","48062684-65b1-4698-8c31-46d5a7e9bbf8","Accident","2026-01-31 00:37:56.650","[51.759878569423186,-0.5864150540939681]","Resolved","Description of the Incident"
"744b189d-1da0-42e6-8537-ac9302b83580","Vehicle-DM258","f4d5ff43-eb77-41e4-b0b0-33739b47fafb","Fire","2026-01-31 00:38:29.650","[51.76937664596153,-0.6042915243547452]","Resolved","Description of the Incident"
"846e2074-d7df-430d-8571-60449c834d42","Vehicle-DM258","826d618d-170a-4602-8c9d-35c2e7d00a41","Accident","2026-01-31 00:39:09.650","[51.778689432323425,-0.6216809598829901]","Resolved","Description of the Incident"
"d88dddb0-1953-4367-9926-82877c3cd41a","Vehicle-DM258","86d95a79-7ce0-4cb2-8592-da2017d3f927","Accident","2026-01-31 00:39:53.650","[51.78819986604097,-0.6389903732773932]","Resolved","Description of the Incident"
"23990324-86b1-4d83-a8ed-d2929e7f1fa1","Vehicle-DM258","9866e6c4-b506-43ef-a5ae-2c833b06f79a","Medical","2026-01-31 00:40:44.650","[51.79783901217005,-0.6566069676018652]","Active","Description of the Incident"
"dc6cb485-a9c0-4a43-ac41-0cb144c6e7e6","Vehicle-DM258","513d8837-3792-47f4-b249-0f6f75ae8a12","Police","2026-01-31 00:41:37.650","[51.80723541471727,-0.6742984038433006]","Active","Description of the Incident"
"584ad723-38b3-480e-aef9-35e4cf1e54d2","Vehicle-DM258","4c045352-42e6-4a84-a9f4-5ab7c13df5c2","Accident","2026-01-31 00:42:28.650","[51.81704333506583,-0.6916178929736005]","Resolved","Description of the Incident"
"4a15f847-8e3f-467f-a8a3-ad3a4f96addc","Vehicle-DM258","a51ebda4-001b-4f06-87a7-b10978acb065","None","2026-01-31 00:43:08.650","[51.82683845756987,-0.7090770000694948]","Resolved","Description of the Incident"
"73a769c4-a5ce-484c-bf93-f5fc961a1b78","Vehicle-DM258","c300377c-6a7d-43e3-962a-fc3716b65114","Fire","2026-01-31 00:43:47.650","[51.83653253273863,-0.7263692749001908]","Active","Description of the Incident"
"bb1ec512-bda7-4d35-b5af-11f9276abd6d","Vehicle-DM258","e15579e6-c7b8-4523-9080-28050a656fdb","Police","2026-01-31 00:44:36.650","[51.84610431914362,-0.7438314210638858]","Active","Description of the Incident"
"1d364b03-589a-4041-a352-41d6e5a0b213","Vehicle-DM258","56aa0102-cc2f-40b3-ad4e-fb83dd516d63","Accident","2026-01-31 00:45:24.650","[51.855847735312004,-0.7610712841548348]","Resolved","Description of the Incident"
"754eb408-cf40-4281-b936-3fc75c7bcd53","Vehicle-DM258","cb705772-4b24-4929-b7a6-5e0cc54f5e69","None","2026-01-31 00:46:16.650","[51.865354576448816,-0.7783931742986617]","Resolved","Description of the Incident"
"592aabe5-ee16-4e01-a1a4-c084db9a5a17","Vehicle-DM258","dddd8ed3-aa2d-40f8-b652-991f2dc8d7f2","Fire","2026-01-31 00:47:05.650","[51.87559261605726,-0.7956277483728513]","Resolved","Description of the Incident"
"46d83098-e5c7-42c9-8218-2cf9793aabb0","Vehicle-DM258","2dd96cad-f563-47a4-b9a2-33b69d95e82c","Fire","2026-01-31 00:47:55.650","[51.885646429741556,-0.8132324485600234]","Active","Description of the Incident"
"591b78d3-0b50-4c79-9322-8d5c25907557","Vehicle-DM258","923e143f-ff7c-435e-a820-8ad3ec0554f0","None","2026-01-31 00:48:31.650","[51.89531746503399,-0.8312056432934463]","Active","Description of the Incident"
"120623a8-e6d9-450f-b1dd-33a8537f6984","Vehicle-DM258","9564cbf8-8d91-438b-a429-727cc1380a54","None","2026-01-31 00:49:13.650","[51.90546219706629,-0.8485660487173282]","Active","Description of the Incident"
"e34f53f1-2ee3-4dd8-9dc1-f73698e4c026","Vehicle-DM258","e6262776-04ad-4537-ba0f-72989c7483dc","None","2026-01-31 00:49:58.650","[51.915238426543844,-0.866419113405565]","Active","Description of the Incident"
"73e4e4c3-a1b8-4445-b392-84f6e4da3bcb","Vehicle-DM258","53811b60-91b9-49c5-82d8-fc139beddaac","Medical","2026-01-31 00:50:49.650","[51.92543335540643,-0.8839532206299371]","Resolved","Description of the Incident"
"34a818f6-27e9-4ae2-83bf-f54726add94f","Vehicle-DM258","f11f2e31-df5b-4b94-96ab-0afdd96902b5","Accident","2026-01-31 00:51:43.650","[51.93548258511433,-0.9017000944143729]","Active","Description of the Incident"
"7ca9fb08-01fd-4713-b9c1-d4a7031bade1","Vehicle-DM258","c8e06674-5e4d-4e4b-a933-502cd50824dc","Medical","2026-01-31 00:52:19.650","[51.94552481831839,-0.918876482681657]","Resolved","Description of the Incident"
"d4ca48c0-3a53-4416-8cad-9840fe0a8134","Vehicle-DM258","65a2eaaa-f2e7-4feb-bba4-acb4c408efff","Police","2026-01-31 00:53:12.650","[51.954980607461756,-0.9363952351877661]","Resolved","Description of the Incident"
"c767444b-7366-4c76-9b8a-2e095515dd9c","Vehicle-DM258","9b9d3d5b-5125-4edb-af44-f7a9b7eda20c","None","2026-01-31 00:54:00.650","[51.965210078060295,-0.9543229054106744]","Active","Description of the Incident"
"86eb3db2-b858-40a7-80c4-61b5648a93ba","Vehicle-DM258","66f9b3b0-2970-4a3d-a875-15c0dda3c8a7","Police","2026-01-31 00:54:41.650","[51.9748452818256,-0.9720205273974397]","Active","Description of the Incident"
"987d3db5-9d11-4e54-a047-d0c29b2be440","Vehicle-DM258","b84892a6-dc13-462d-ae31-9e10bf0d6c00","Fire","2026-01-31 00:55:41.650","[51.98456876897061,-0.9894127320934264]","Active","Description of the Incident"
"4bd661a7-913d-4738-b496-ac6cc75e6e52","Vehicle-DM258","d64fb249-1d3c-4fa8-b660-0b0022fe55bc","Medical","2026-01-31 00:56:35.650","[51.994135697219804,-1.0070879300932327]","Resolved","Description of the Incident"
"f7eadbaf-c6bc-425d-847c-b84fd49fbc1d","Vehicle-DM258","e87f5803-d0cc-4a63-996b-4f56ad937aeb","Police","2026-01-31 00:57:33.650","[52.00370335570784,-1.0246177750852952]","Resolved","Description of the Incident"
"42163198-ca1d-491b-944d-eb68a4889c98","Vehicle-DM258","7e4e8e62-7d28-498f-95b5-2b43b2da1574","None","2026-01-31 00:58:12.650","[52.01343953025743,-1.0427265318259467]","Resolved","Description of the Incident"
"cc093259-b107-451d-a19c-ef3f11151adf","Vehicle-DM258","90e43955-4b44-4a7f-b61c-6902daeb32b9","Fire","2026-01-31 00:58:51.650","[52.023079340785046,-1.0603987865630935]","Resolved","Description of the Incident"
"708b1687-4254-4932-9a39-0797adcc1246","Vehicle-DM258","af8f331b-e529-4a2b-9d67-d0098fe7e084","None","2026-01-31 00:59:45.650","[52.032643840412014,-1.0779351996571327]","Active","Description of the Incident"
"722e0bd1-727b-4195-a250-e517df8a229a","Vehicle-DM258","8b560b85-8a19-4e2c-8d50-d697fa86f20d","Police","2026-01-31 01:00:32.650","[52.042206151738796,-1.0950869047260299]","Resolved","Description of the Incident"
"604f834d-829d-4842-80e4-816b50bf18bd","Vehicle-DM258","5b319b57-6505-4289-a7d4-6e2b7cd41248","None","2026-01-31 01:01:32.650","[52.051678515409186,-1.1131615280088463]","Resolved","Description of the Incident"
"b76de32f-29be-44ba-a9a2-7ac198683d66","Vehicle-DM258","ace7ed18-858f-41e1-8edc-e97b5d2c8efe","None","2026-01-31 01:02:19.650","[52.061051696317584,-1.131039337053636]","Resolved","Description of the Incident"
"d57b3be4-5c93-4dfe-90c5-935d659ce7df","Vehicle-DM258","27fce582-df73-476c-9941-7a3c9b154a15","Accident","2026-01-31 01:03:08.650","[52.0706450765619,-1.1485443097325638]","Active","Description of the Incident"
"864e6280-1814-4628-80a1-604343ffd4a2","Vehicle-DM258","12d4082b-60a9-4788-b33c-afdcbb893b4c","Medical","2026-01-31 01:03:57.650","[52.079935752284506,-1.166219806027946]","Active","Description of the Incident"
"701c1e7f-e6eb-4eec-adc5-8dea22a1da2f","Vehicle-DM258","8366dffd-4e5c-48e1-955f-c3ef0f462c09","Medical","2026-01-31 01:04:47.650","[52.08964889125061,-1.1838012436492353]","Resolved","Description of the Incident"
"1850ff74-4956-4a47-b70a-2f90d3f55fc3","Vehicle-DM258","2c403c00-b565-4b0f-b8a6-6982e1221b7d","None","2026-01-31 01:05:39.650","[52.09906124490879,-1.2012385656580231]","Resolved","Description of the Incident"
"f3899343-59ab-4b5a-8966-ec1e38ec223f","Vehicle-DM258","e2bcd3bb-720c-45ef-8ec5-516e4cfca163","Police","2026-01-31 01:06:30.650","[52.10837510980118,-1.2191356412423011]","Resolved","Description of the Incident"
"94cfc6a4-183c-4703-8ca8-29552ccef81a","Vehicle-DM258","1e3c624c-ad16-42d3-8225-84e935e2902d","Police","2026-01-31 01:07:20.650","[52.1178445989484,-1.2366763116170232]","Resolved","Description of the Incident"
"32f256fa-f39e-474c-a976-902500a39606","Vehicle-DM258","125b71dd-4667-4db5-90af-c88d7ed0e45d","Accident","2026-01-31 01:08:14.650","[52.12779518248539,-1.2544018593622095]","Resolved","Description of the Incident"
"359144b7-f48c-41f4-b696-b3d78419d87c","Vehicle-DM258","f1b64571-9747-4a74-ab60-5698a76b7e39","Police","2026-01-31 01:08:55.650","[52.137496430056196,-1.272340276820815]","Active","Description of the Incident"
"5eee82fb-5967-4ada-a0b2-8b8b86941817","Vehicle-DM258","486af8ea-2d17-4e1a-8460-d6be8c3e54c3","Accident","2026-01-31 01:09:50.650","[52.14681329949864,-1.289836254543811]","Active","Description of the Incident"
"89222dc3-54b4-4862-9f59-c9786743a9f7","Vehicle-DM258","55d66dc4-36e7-4362-b727-ad1071025d0d","None","2026-01-31 01:10:36.650","[52.15659967500335,-1.307245651217819]","Active","Description of the Incident"
"11368af9-970f-435e-8ae4-04809f2182f2","Vehicle-DM258","8142a12c-5384-4a02-afe2-f66e0d75fb16","None","2026-01-31 01:11:31.650","[52.16675170193778,-1.325095403814997]","Resolved","Description of the Incident"
"1a84a107-eb93-4a2f-b4ee-d96df08a0ea9","Vehicle-DM258","24f2da2e-89c0-40ee-a539-a98635995c28","Police","2026-01-31 01:12:16.650","[52.176904962532475,-1.3427748564219537]","Active","Description of the Incident"
"792f9e4b-932e-4d3a-9b04-1c8fbffd13f6","Vehicle-DM258","b7ba697b-a3a6-4e04-b9f8-039e3e5f5dbc","Police","2026-01-31 01:12:56.650","[52.18704897550846,-1.360490081326404]","Active","Description of the Incident"
"cd802bea-9bc6-4ab6-85a1-76579542e78f","Vehicle-DM258","df077b85-371f-40ac-8d47-aa62ea29c55f","Accident","2026-01-31 01:13:36.650","[52.196463221778274,-1.377650727736227]","Resolved","Description of the Incident"
"5f4be9b8-bb53-49c7-bb2d-e63a9e97aa87","Vehicle-DM258","1d2084d4-5ba6-4e04-8900-6902d159ec3d","None","2026-01-31 01:14:25.650","[52.206532747069545,-1.3955117049566836]","Active","Description of the Incident"
"cdbafa17-dda9-47b6-a3ad-12c3eed64b47","Vehicle-DM258","b48d5a22-e381-4d47-8931-7f7674fa6a9c","Police","2026-01-31 01:15:16.650","[52.21643820653115,-1.4134029347135815]","Active","Description of the Incident"
"eb8e1774-ea40-4bb5-a636-b43d0f9c60e9","Vehicle-DM258","2bba29e2-b22b-46ce-b68e-378d72621cec","Fire","2026-01-31 01:15:47.650","[52.22642020769395,-1.4306255106515309]","Active","Description of the Incident"
"780bb203-2fd5-49ed-b297-99903945c0dd","Vehicle-DM258","e45b1179-459f-46fa-8939-0e201fc59149","Accident","2026-01-31 01:16:29.650","[52.23588327704901,-1.4481420188646423]","Resolved","Description of the Incident"
"0c7adb74-1e37-4dae-aa43-431717dee64a","Vehicle-DM258","1daf2f2d-920c-42b4-bdd5-35a045777c9c","Medical","2026-01-31 01:17:04.650","[52.24607248647261,-1.4655904079789432]","Active","Description of the Incident"
"5970e11d-2333-428a-a47b-3b6709408a45","Vehicle-DM258","7cc2a715-ac6f-47f7-b355-a1fc648699d5","None","2026-01-31 01:17:37.650","[52.25635986003812,-1.482863072520283]","Active","Description of the Incident"
"c582f26b-b8ff-4890-a1d6-da04216bf42f","Vehicle-DM258","a6cbc8ae-c0e7-410f-8356-7c10a484a7bd","Fire","2026-01-31 01:18:33.650","[52.26655847699183,-1.500243900366149]","Active","Description of the Incident"
"beb82834-cd2c-4ad3-aef8-e3c1d90ef7d6","Vehicle-DM258","4867f9e8-31d8-4482-98a5-4cc4532f0db3","Fire","2026-01-31 01:19:12.650","[52.2767498806959,-1.5177235597572583]","Active","Description of the Incident"
"2190b453-d2db-4dd4-9d09-0939b5523160","Vehicle-DM258","ec9813c2-d763-4103-8de6-d3251c711e7b","Medical","2026-01-31 01:19:53.650","[52.28682439350693,-1.5349730991605515]","Active","Description of the Incident"
"e83a0276-cc15-4ad9-b261-481c196e162d","Vehicle-DM258","92111a1a-1b3e-4846-b4aa-eba129a1c987","Police","2026-01-31 01:20:47.650","[52.29658072489578,-1.5530237997996446]","Active","Description of the Incident"
"d9a6384e-d04a-48bc-aabf-019e43086741","Vehicle-DM258","00c091aa-7185-4141-92dc-a1bf45381bbd","None","2026-01-31 01:21:28.650","[52.30613318347414,-1.571026211062881]","Resolved","Description of the Incident"
"1e08e846-265e-4b6f-9815-72315594429b","Vehicle-DM258","a57bcdad-3eab-469d-b957-2cd31504ea13","Police","2026-01-31 01:22:00.650","[52.31633643938288,-1.588930843862807]","Active","Description of the Incident"
"7cefbe15-67e0-452e-92a6-f9750ca51977","Vehicle-DM258","c7d37448-3434-4d03-a775-f2fbbd116858","Police","2026-01-31 01:22:34.650","[52.325721631381505,-1.6061695845542783]","Resolved","Description of the Incident"
"9e311e29-0d3a-4999-bfef-052c48967f36","Vehicle-DM258","72221756-9826-4cf5-94e1-b5589ace94ec","Medical","2026-01-31 01:23:26.650","[52.33594868444722,-1.6240158444141923]","Active","Description of the Incident"
"e0c4a0f8-079e-478a-af2b-e5564ff31109","Vehicle-DM258","0f1abf47-e145-4aba-a5aa-46a9df62e401","Medical","2026-01-31 01:23:59.650","[52.34563482408996,-1.6419520358520312]","Active","Description of the Incident"
"802c015c-431e-4001-ba48-975c9749afc6","Vehicle-DM258","9b56810e-d818-4305-b7cb-17c5e3a965be","None","2026-01-31 01:24:35.650","[52.3559116449939,-1.6592910577520548]","Active","Description of the Incident"
"b5e7a060-dbba-4d7b-abe8-d88025153bba","Vehicle-DM258","d4ff61c8-2987-4285-ad63-c7c8e125f351","Medical","2026-01-31 01:25:09.650","[52.36547691983988,-1.676433029620207]","Active","Description of the Incident"
"5072a927-cf56-45ee-9a73-3fc899c725b1","Vehicle-DM258","f37d613c-9a5a-4357-a4f2-f3c1a8de71fd","Fire","2026-01-31 01:26:02.650","[52.37493916604129,-1.6945066306023457]","Active","Description of the Incident"
"185a7269-e543-4f4d-964c-72b86c2f1bff","Vehicle-DM258","35650dda-91a0-4dfc-8446-67a4abcb93c3","Police","2026-01-31 01:26:53.650","[52.38495440903845,-1.7117238789144391]","Resolved","Description of the Incident"
"f8f8c608-b865-4886-93d9-5651706dff35","Vehicle-DM258","05198b67-7cf7-415d-a50b-1b9050e4ba48","None","2026-01-31 01:27:42.650","[52.39431589975422,-1.7297690884370283]","Resolved","Description of the Incident"
"b055178f-289a-4f4e-a7d6-c7772def9108","Vehicle-DM258","9591323e-0dd8-4ffa-a01e-d291eca504c2","Police","2026-01-31 01:28:39.650","[52.4037030782159,-1.7471933090184821]","Resolved","Description of the Incident"
"0bf127e0-2f86-4344-b6a7-0e814bce4a38","Vehicle-DM258","ef5442f7-8f3a-463b-9a69-9af651e798d7","Medical","2026-01-31 01:29:22.650","[52.41340706786616,-1.7652242231792064]","Active","Description of the Incident"
"41128f6d-dcf1-466c-b104-28c3bfc1c081","Vehicle-DM258","331e53a5-fa0a-48e6-85fc-63020ca80c17","Medical","2026-01-31 01:30:09.650","[52.423251438601774,-1.7827637580964668]","Active","Description of the Incident"
"b1ec71e0-d505-40f7-8e23-f2715ac82956","Vehicle-DM258","3e65b893-29f6-410e-93c5-74de64321700","None","2026-01-31 01:31:00.650","[52.43311735712017,-1.8006770192907948]","Active","Description of the Incident"
"17bec80f-aaef-4b09-9a48-f12058d57206","Vehicle-DM258","db76e876-688b-4e2e-a29c-f7f9b68f8ac8","None","2026-01-31 01:31:52.650","[52.44301435203572,-1.818145188062796]","Resolved","Description of the Incident"
"1f6497f6-cf8b-48f3-a921-d8984677abf4","Vehicle-DM258","acae2661-b842-4842-8fe7-0c1fe7d88697","None","2026-01-31 01:32:22.650","[52.45237193745697,-1.8355302190036773]","Active","Description of the Incident"
"f937edab-51f7-464e-80b5-98b162a5dc20","Vehicle-DM258","868e3d7c-1af4-49a6-991a-1cff912a4979","None","2026-01-31 01:33:16.650","[52.46254327964149,-1.8535006391002726]","Active","Description of the Incident"
"9ae63c57-9957-41ba-a3de-43d17d9f35df","Vehicle-DM258","bb65fc0b-fbf2-41c0-ab36-69e7e53f70a9","Medical","2026-01-31 01:34:07.650","[52.47217645249697,-1.8715157493280716]","Active","Description of the Incident"
"aa29f1e5-60bb-4870-94e2-883cc67b7034","Vehicle-DM258","a5f07ad0-02b4-48ca-a6cf-87d39cd1fa77","Medical","2026-01-31 01:34:46.650","[52.48223180202427,-1.8888775884323104]","Active","Description of the Incident"
"54924554-2a7f-4c2e-9ca4-7bd7e3149736","Vehicle-DM258","7a2881f9-74ea-4f65-8647-8573910e026b","None","2026-02-01 01:17:28.885","[51.965210078060295,-0.9543229054106744]","Active","Description of the Incident"
"44512006-41f3-402c-8879-0062e01b0b72","Vehicle-DM258","c00f8194-681b-42e4-8848-b9fc212ddb37","Police","2026-02-01 01:18:09.885","[51.9748452818256,-0.9720205273974397]","Active","Description of the Incident"
"fca1dbea-9092-457c-8623-86a3a403d4a4","Vehicle-DM258","dca279cc-8d4b-4492-97d2-6548675d37b9","Fire","2026-02-01 01:19:09.885","[51.98456876897061,-0.9894127320934264]","Active","Description of the Incident"
"e43c21f4-881e-4f2e-8855-52283233faa2","Vehicle-DM258","a808ef4b-7855-4273-b28e-72d9429cd384","Medical","2026-02-01 18:54:29.407","[51.7411350270954,-0.551469736259832]","Active","Description of the Incident"
"f1b1a0c2-c692-4d46-83bb-7928377f2435","Vehicle-DM258","8ff84d37-3ce4-4d48-a702-26c01675ce53","Accident","2026-02-01 18:55:07.407","[51.750515325563114,-0.5691721604872683]","Active","Description of the Incident"
"8a7df00a-b000-498d-a4b4-2ccb4fde13d4","Vehicle-DM258","54ea8ccc-dfaa-4e23-9f0d-61a0fa1ae6db","Accident","2026-02-01 18:56:05.407","[51.759878569423186,-0.5864150540939681]","Resolved","Description of the Incident"
"1faae9ce-cafa-44a7-820b-7375303aea21","Vehicle-DM258","8abd070d-c7a6-4b62-9b1a-6e82bb5781c7","None","2026-02-01 01:44:56.885","[52.30613318347414,-1.571026211062881]","Resolved","Description of the Incident"
"d78f6513-1139-4f6a-8f81-580bfe5f4c96","Vehicle-DM258","f3241fb0-8b43-48c1-8ed4-752a151a377b","Police","2026-02-01 01:45:28.885","[52.31633643938288,-1.588930843862807]","Active","Description of the Incident"
"93718f7a-fc54-4421-a248-df97c36d1241","Vehicle-DM258","ba75ecae-167d-4016-a984-3db814ee8a75","Police","2026-02-01 01:46:02.885","[52.325721631381505,-1.6061695845542783]","Resolved","Description of the Incident"
"2723aaee-908e-453b-a084-5b126119b1a5","Vehicle-DM258","34901a62-c5ef-4c7c-9e17-6a3aace3ce61","None","2026-02-01 19:20:28.407","[52.061051696317584,-1.131039337053636]","Resolved","Description of the Incident"
"94d00dfc-9469-49a6-a442-111d9081771f","Vehicle-DM258","1f2f9b11-d74c-44d6-b9a5-2180b52e027f","Accident","2026-02-01 19:21:17.407","[52.0706450765619,-1.1485443097325638]","Active","Description of the Incident"
"b80d391c-0b3d-4f9a-81ba-409eff7e1861","Vehicle-DM258","fd234caf-ab28-46a2-b905-f05c44ec8e32","Medical","2026-02-01 19:22:06.407","[52.079935752284506,-1.166219806027946]","Active","Description of the Incident"
"3ecf4c15-1668-4f9b-b303-b55827c778d1","Vehicle-DM258","3e570a7e-a8b2-4d16-889a-b28c1ce3778d","Medical","2026-02-01 01:43:21.885","[52.28682439350693,-1.5349730991605515]","Active","Description of the Incident"
"74e21296-726e-482d-a143-a5bfb177a758","Vehicle-DM258","d7d08d1b-3835-40f3-8576-55ea1b92c093","Police","2026-02-01 01:44:15.885","[52.29658072489578,-1.5530237997996446]","Active","Description of the Incident"
"f1f9f215-677f-4dee-af11-1aff272cedf1","Vehicle-DM258","94cf690f-7a0b-4796-bae5-c73469513d08","Accident","2026-02-01 01:33:18.885","[52.14681329949864,-1.289836254543811]","Active","Description of the Incident"
"dffe695a-edc5-45a7-ad22-2238e7d76f26","Vehicle-DM258","227cad1a-50ab-4135-a8b8-9b56db949256","None","2026-02-01 01:34:04.885","[52.15659967500335,-1.307245651217819]","Active","Description of the Incident"
"77774b33-9e5a-4c2f-87ae-0bcbd4c54bf5","Vehicle-DM258","1d214473-4ed5-4758-a212-c4cb3fdc9f29","Accident","2026-02-01 19:03:33.407","[51.855847735312004,-0.7610712841548348]","Resolved","Description of the Incident"
"cb537cc7-0c32-4499-a72d-b5081d9c059f","Vehicle-DM258","93794f32-c718-4ef4-bb53-502b7c39aa4b","None","2026-02-01 19:04:25.407","[51.865354576448816,-0.7783931742986617]","Resolved","Description of the Incident"
"801f8591-7777-4847-bfe1-aa739ef8d700","Vehicle-DM258","d1514696-7966-4305-86db-bf37a0450efc","Fire","2026-02-01 19:05:14.407","[51.87559261605726,-0.7956277483728513]","Resolved","Description of the Incident"
"4385f908-d7de-4b8e-a38d-037d1f3c84d4","Vehicle-DM258","a91da0b6-f2b3-45d3-8dd9-52561522f704","Medical","2026-02-01 01:46:54.885","[52.33594868444722,-1.6240158444141923]","Active","Description of the Incident"
"8005cd01-7d0a-44a6-a82b-74cde01ce935","Vehicle-DM258","c4d17abf-d40c-4ee5-97bf-54c1bf916374","Medical","2026-02-01 01:47:27.885","[52.34563482408996,-1.6419520358520312]","Active","Description of the Incident"
"fb74c59a-b5e1-4255-bb0c-24e608818291","Vehicle-DM258","2332143f-1f17-44d1-b13a-2009b2007f17","None","2026-02-01 00:41:22.885","[51.51732742679845,-0.14590098924477735]","Active","Description of the Incident"
"5d0d33d5-3884-44c5-93d3-8fb27a615468","Vehicle-DM258","550d4edd-c03f-4259-a98b-2ec4cbbbeef6","Fire","2026-02-01 00:42:14.885","[51.52717667186139,-0.16331096963185496]","Active","Description of the Incident"
"a0c26a17-472c-49fc-9bb2-656e3298693f","Vehicle-DM258","5151ed20-82dd-4e68-89eb-6c0914d1701e","Police","2026-02-01 00:42:46.885","[51.5374218849336,-0.18110037508674234]","Active","Description of the Incident"
"3e7366e1-194e-49fe-8214-40607e304406","Vehicle-DM258","687bc12a-237c-4c54-a8a1-b9a7d79a8694","Fire","2026-02-01 00:43:35.885","[51.547261925564875,-0.19839697042248935]","Active","Description of the Incident"
"a1144df7-c6f7-41b1-aff8-1471c3342b45","Vehicle-DM258","fb78cc83-39e7-47c8-9a2b-762603df6cc1","Fire","2026-02-01 00:44:31.885","[51.55693005178991,-0.21606956012012093]","Active","Description of the Incident"
"0b19960f-bb20-4177-a2d8-b964acab54e2","Vehicle-DM258","bf5ef801-4fca-4369-865e-1e47b2539e43","Accident","2026-02-01 00:45:30.885","[51.56638145428367,-0.23381610467836328]","Active","Description of the Incident"
"a7ed4904-8cb2-4ac7-973d-6ee3b63a7cd4","Vehicle-DM258","d5c66ca8-eca2-4402-829f-d7963ee18873","Medical","2026-02-01 00:46:22.885","[51.57658259040786,-0.25137492462688477]","Resolved","Description of the Incident"
"9531a62a-adac-4259-81f3-8253e488e35b","Vehicle-DM258","f3e1db9f-d32e-4e5f-baf2-feca87d6f1cd","Police","2026-02-01 00:46:59.885","[51.58676841329146,-0.2691015241217443]","Active","Description of the Incident"
"01b826ed-e0dd-40c2-92e5-94460c1da100","Vehicle-DM258","dce04b7f-fba3-46a8-b4d8-22abb3701953","Medical","2026-02-01 00:47:43.885","[51.596441180603136,-0.2866316356933832]","Active","Description of the Incident"
"a7baca67-5964-42e1-b928-6233da6bbddf","Vehicle-DM258","a6a22104-67b1-4062-ac59-fda12452a86d","None","2026-02-01 00:48:13.885","[51.60602268073178,-0.30459947793903847]","Active","Description of the Incident"
"bfabff99-428b-4e84-879a-b7c2b7e6b2f5","Vehicle-DM258","c878b4da-d711-4d89-8c63-f2d3e6a0f4ac","Medical","2026-02-01 00:49:00.885","[51.61546352000033,-0.3219629671389633]","Active","Description of the Incident"
"acce6094-228b-46da-8bb9-3ab7935f1f3b","Vehicle-DM258","e6ddd5ae-baab-4483-a1be-7088d473582b","None","2026-02-01 00:50:00.885","[51.624809445166825,-0.3392109575397592]","Resolved","Description of the Incident"
"0905c86f-588b-4c59-adac-341a15ff72e7","Vehicle-DM258","7193ede5-5d4e-40a5-8cf8-367d04abe1fc","Accident","2026-02-01 00:50:54.885","[51.635061808072834,-0.356408044046757]","Resolved","Description of the Incident"
"7ba9bca0-8736-4b85-95fd-56b400a209eb","Vehicle-DM258","99519df7-8163-4e6d-bb81-892e5392df15","Fire","2026-02-01 00:51:42.885","[51.64437084233284,-0.3739801225243325]","Resolved","Description of the Incident"
"bd94388c-59ee-4b1f-91fc-c5a1314802c4","Vehicle-DM258","8df8c31c-5135-4499-8338-92960f6ca7ab","Police","2026-02-01 00:52:16.885","[51.654327820111135,-0.39189188571696204]","Resolved","Description of the Incident"
"817dfd84-fcaf-4de9-b9a6-5899d4f9a133","Vehicle-DM258","677ac6b0-3316-48af-bb44-ce6d1996da6e","Fire","2026-02-01 00:53:09.885","[51.664039398734154,-0.40955086104892535]","Resolved","Description of the Incident"
"95f5db6d-cb27-48d2-b8c6-a2e65fab41ef","Vehicle-DM258","6b78f492-1fae-4e12-8d4d-fbf3df5c52b2","Fire","2026-02-01 00:53:53.885","[51.67346758103125,-0.42749337301313817]","Active","Description of the Incident"
"0a95f58d-1db7-48f1-be43-0dcf121d04b7","Vehicle-DM258","f46912d6-dfaf-4a8f-b48a-c738356b4968","None","2026-02-01 00:54:50.885","[51.6831619950892,-0.44513801459516716]","Resolved","Description of the Incident"
"45c3f1bd-230f-43f6-84bb-b0ed8d17bf8a","Vehicle-DM258","9452ac80-d9e2-4870-84b0-4ae3178fbb1c","None","2026-02-01 00:55:50.885","[51.692604791914476,-0.46296730676967257]","Active","Description of the Incident"
"7111ec15-6965-4101-b16f-d5e46d372fad","Vehicle-DM258","3783aee7-5e5f-45b5-9b2e-870727318a94","None","2026-02-01 00:56:47.885","[51.701949671494205,-0.48058547827267917]","Active","Description of the Incident"
"9e3873c1-5322-4c8d-93e3-e7df07eeb462","Vehicle-DM258","663c8f1c-7987-479f-a76d-ca81fc487f9c","Police","2026-02-01 00:57:35.885","[51.711857053004536,-0.49829225335734334]","Resolved","Description of the Incident"
"652a4671-634e-4dc9-a89e-eafde24b8d4f","Vehicle-DM258","66c7f61c-a599-490a-b721-9747723a4445","Accident","2026-02-01 00:58:05.885","[51.722074071336245,-0.5154825190698985]","Active","Description of the Incident"
"0b066236-e943-4328-9fe0-bfd41a193fc5","Vehicle-DM258","85e13df3-a6ba-4a0e-b9b6-12c06bb5075c","Fire","2026-02-01 00:59:01.885","[51.731731598424986,-0.5334507722375413]","Resolved","Description of the Incident"
"ac783ffc-30db-4a21-ad92-ac21fa1fd8fc","Vehicle-DM258","ab85c7ae-dc6d-43cc-95c7-fc5f62515cf6","Medical","2026-02-01 00:59:48.885","[51.7411350270954,-0.551469736259832]","Active","Description of the Incident"
"28cda440-c6a2-419c-a41e-10b875968181","Vehicle-DM258","26c57279-c534-4c77-b042-f0487eb53ccf","Accident","2026-02-01 01:00:26.885","[51.750515325563114,-0.5691721604872683]","Active","Description of the Incident"
"129d97fd-4c2f-40b8-9476-5fd1d7538d48","Vehicle-DM258","2356333c-ca17-4c49-a2a8-0356d6cfef2a","Accident","2026-02-01 01:01:24.885","[51.759878569423186,-0.5864150540939681]","Resolved","Description of the Incident"
"f24b2420-b3cd-4dde-ab4f-b9e2c76151bb","Vehicle-DM258","3fc75c3f-8d01-4b74-b4b3-0fceb51ac83d","Fire","2026-02-01 01:01:57.885","[51.76937664596153,-0.6042915243547452]","Resolved","Description of the Incident"
"19bbbac0-a3c0-4fbb-a17e-d7d06658d4a2","Vehicle-DM258","162605c5-7a69-45bc-881e-bb68481c0f10","Accident","2026-02-01 01:02:37.885","[51.778689432323425,-0.6216809598829901]","Resolved","Description of the Incident"
"8012f9d7-a652-4607-9ad0-1432f71cdefd","Vehicle-DM258","9552adb6-1bfc-400a-b833-ba786d2c298e","Accident","2026-02-01 01:03:21.885","[51.78819986604097,-0.6389903732773932]","Resolved","Description of the Incident"
"4051a207-604e-4947-adb5-a6243e79fe5f","Vehicle-DM258","415912c1-760b-4fa8-94b1-396e6131a380","Medical","2026-02-01 01:04:12.885","[51.79783901217005,-0.6566069676018652]","Active","Description of the Incident"
"71ae0dbb-5fe8-4724-a61e-07cccbd423fd","Vehicle-DM258","d063049e-fd21-464e-b379-eafd0b8ee30f","Police","2026-02-01 01:05:05.885","[51.80723541471727,-0.6742984038433006]","Active","Description of the Incident"
"bd480a5e-4e61-475e-8b35-4c7521d0938e","Vehicle-DM258","6904abf2-86d5-479b-9332-0b1d607bdc17","Accident","2026-02-01 01:05:56.885","[51.81704333506583,-0.6916178929736005]","Resolved","Description of the Incident"
"e4ae8132-fda5-43a7-9d6d-9d45d42bd6d5","Vehicle-DM258","c8daeee6-99d1-4fef-a2d1-3a6329ce842d","None","2026-02-01 01:06:36.885","[51.82683845756987,-0.7090770000694948]","Resolved","Description of the Incident"
"4abcfa8e-7634-435e-aaff-920771e24ee0","Vehicle-DM258","7c5f6e4c-1c3a-4129-a8d5-6d6ea919c9c8","Fire","2026-02-01 01:07:15.885","[51.83653253273863,-0.7263692749001908]","Active","Description of the Incident"
"a58f0536-6406-4dbf-83fd-7e617d284339","Vehicle-DM258","9648bbb7-b258-4bd0-ba82-49fa75be3ea9","Police","2026-02-01 01:08:04.885","[51.84610431914362,-0.7438314210638858]","Active","Description of the Incident"
"e8ff717a-0dc9-4d98-913f-ac37b2377a29","Vehicle-DM258","deceb29e-a609-477e-a90d-8e454520cd63","Fire","2026-02-01 19:36:42.407","[52.26655847699183,-1.500243900366149]","Active","Description of the Incident"
"a5b51229-d6f8-44e4-b0c6-28597fccb53b","Vehicle-DM258","f2a7eb8d-7ff4-4d3a-ac0e-f31d5028499e","Fire","2026-02-01 19:37:21.407","[52.2767498806959,-1.5177235597572583]","Active","Description of the Incident"
"f0d54730-278c-4362-a576-e5237ff427f9","Vehicle-DM258","510f269f-91e5-4882-ab87-21c13f1442d4","Medical","2026-02-01 19:38:02.407","[52.28682439350693,-1.5349730991605515]","Active","Description of the Incident"
"b4ebebd8-2d40-41d8-a8ee-8755bca02b8e","Vehicle-DM258","4e2700fa-2d1c-4cf4-91c5-eed708083564","Police","2026-02-01 19:38:56.407","[52.29658072489578,-1.5530237997996446]","Active","Description of the Incident"
"72f37144-43e5-48a4-a0d5-a0fcdbc4ee8d","Vehicle-DM258","b6ef91a1-8ef5-4b36-9a12-bf7c63a6ef08","None","2026-02-01 19:39:37.407","[52.30613318347414,-1.571026211062881]","Resolved","Description of the Incident"
"0eeeddc0-2a60-48d1-b61e-787a1a3f23d0","Vehicle-DM258","d0cc6f4e-18d8-4e5e-82e0-68830a33f0bd","Police","2026-02-01 19:40:09.407","[52.31633643938288,-1.588930843862807]","Active","Description of the Incident"
"4a6f040f-a3d1-49d6-b275-8bad5a306ae3","Vehicle-DM258","2e0092a8-e91b-4567-9284-303455ac9274","Police","2026-02-01 19:40:43.407","[52.325721631381505,-1.6061695845542783]","Resolved","Description of the Incident"
"d3aa900c-e2a5-4325-9395-62ccea7fdc7f","Vehicle-DM258","79fd3192-c336-400e-976b-f55e955f483e","Medical","2026-02-01 19:41:35.407","[52.33594868444722,-1.6240158444141923]","Active","Description of the Incident"
"e433ee9d-d338-4b60-8202-e7d1f6bbb94f","Vehicle-DM258","19efa416-9939-4814-adcc-934f79a3360a","Medical","2026-02-01 19:42:08.407","[52.34563482408996,-1.6419520358520312]","Active","Description of the Incident"
"df5c75a7-929a-4fb7-84e3-15416f292298","Vehicle-DM258","bfb06fcd-8dee-4a24-ab0f-575fd05e5d3b","None","2026-02-01 19:42:44.407","[52.3559116449939,-1.6592910577520548]","Active","Description of the Incident"
"1b7e91e5-19b7-4010-8b2c-7d6f80acd18c","Vehicle-DM258","6dabed44-678c-48b4-a70a-d95d9db0ce81","Medical","2026-02-01 19:43:18.407","[52.36547691983988,-1.676433029620207]","Active","Description of the Incident"
"ac258ab6-b734-4a8d-8fff-2039b14e038f","Vehicle-DM258","45d0f059-9e78-4f6c-a433-f815c9daf775","Fire","2026-02-01 19:44:11.407","[52.37493916604129,-1.6945066306023457]","Active","Description of the Incident"
"a026014c-2247-4738-be33-04c2e3405226","Vehicle-DM258","d13c60f5-b73b-4eef-923b-a800b7a1106b","Police","2026-02-01 19:45:02.407","[52.38495440903845,-1.7117238789144391]","Resolved","Description of the Incident"
"2fa01f3d-fc73-4185-a8b2-03ea3a9fc952","Vehicle-DM258","fd0aba2e-042c-46c0-9dcd-8e1f2f14f1b2","None","2026-02-01 19:45:51.407","[52.39431589975422,-1.7297690884370283]","Resolved","Description of the Incident"
"ea7382a6-3f9f-42b3-b8e2-0bd38e47a5c0","Vehicle-DM258","79304216-d598-4fa9-bee1-f6bb4c2de51a","Police","2026-02-01 19:46:48.407","[52.4037030782159,-1.7471933090184821]","Resolved","Description of the Incident"
"ba3d54e4-3b7a-445f-8c1b-7bf9d1012a72","Vehicle-DM258","bd49c3be-7d0e-476b-bac3-83f9800cbd52","Medical","2026-02-01 19:47:31.407","[52.41340706786616,-1.7652242231792064]","Active","Description of the Incident"
"4a78bedf-8882-4ec0-a22a-c053ad5aae08","Vehicle-DM258","6ef540b9-3671-4e82-920f-a61cd8114ff5","Medical","2026-02-01 19:48:18.407","[52.423251438601774,-1.7827637580964668]","Active","Description of the Incident"
"0067a0b8-8d74-414d-9b9d-4982443d93cb","Vehicle-DM258","987966b5-6176-447c-b7c9-437db209ea57","None","2026-02-01 19:49:09.407","[52.43311735712017,-1.8006770192907948]","Active","Description of the Incident"
"18571f7f-29e3-453e-8447-df5b3b0b0ae9","Vehicle-DM258","fbdeec70-0626-4b94-b617-1f1be7cc852d","None","2026-02-01 19:50:01.407","[52.44301435203572,-1.818145188062796]","Resolved","Description of the Incident"
"d9d9f926-3fb4-41df-ac6b-d0ff0d018eac","Vehicle-DM258","06605de9-5aa5-4626-b698-156aae370041","None","2026-02-01 19:50:31.407","[52.45237193745697,-1.8355302190036773]","Active","Description of the Incident"
"a5885031-d33e-4c94-9ef4-47584035b5e8","Vehicle-DM258","b8975f1d-fd46-480a-b259-7eba5abfa047","None","2026-02-01 19:51:25.407","[52.46254327964149,-1.8535006391002726]","Active","Description of the Incident"
"2796350b-340d-4ee2-bc3b-eab4429e2ef3","Vehicle-DM258","9af967c5-aa55-4edf-87d8-027b1db72c8b","Medical","2026-02-01 19:52:16.407","[52.47217645249697,-1.8715157493280716]","Active","Description of the Incident"
"751bfeb2-a516-469d-90b6-7867520cfcde","Vehicle-DM258","5f597ae2-8deb-4be2-abf0-bff298002cf7","Medical","2026-02-01 19:52:55.407","[52.48223180202427,-1.8888775884323104]","Active","Description of the Incident"
"7889116c-df3a-4589-b199-88f88ddbb2e2","Vehicle-DM258","bd165dce-d5d6-4a71-ab4d-890407603121","None","2026-02-01 01:25:47.885","[52.061051696317584,-1.131039337053636]","Resolved","Description of the Incident"
"776abbc7-745f-477b-8683-2baa3ab4f670","Vehicle-DM258","eceeb48a-3b33-4fe6-8140-586bc923ec51","Accident","2026-02-01 01:26:36.885","[52.0706450765619,-1.1485443097325638]","Active","Description of the Incident"
"b1ab2ce6-393d-4cb8-a60d-a8a29a6dc00e","Vehicle-DM258","6b8647ec-e28d-417a-a3bd-cbe929da47b4","None","2026-02-01 19:32:34.407","[52.206532747069545,-1.3955117049566836]","Active","Description of the Incident"
"96da3419-f97e-4165-b149-fd67eff3102a","Vehicle-DM258","a45b3535-adde-49ac-80d7-7ecdd5d0732a","Police","2026-02-01 19:33:25.407","[52.21643820653115,-1.4134029347135815]","Active","Description of the Incident"
"4e274848-b94d-446b-ae60-578880086f52","Vehicle-DM258","bc244f6c-bd6d-4a46-9fb0-0a4288f6626c","Fire","2026-02-01 19:33:56.407","[52.22642020769395,-1.4306255106515309]","Active","Description of the Incident"
"4541d22f-5387-47ac-b118-566fecc87420","Vehicle-DM258","107f50ea-9f2b-47f3-bc0b-de14d0bec786","Fire","2026-02-01 19:01:56.407","[51.83653253273863,-0.7263692749001908]","Active","Description of the Incident"
"3729ec96-0663-4ab1-8448-f00234a49310","Vehicle-DM258","cf66f99a-b416-4ac8-bdda-12479b933016","Police","2026-02-01 19:02:45.407","[51.84610431914362,-0.7438314210638858]","Active","Description of the Incident"
"d3484a0c-6f2b-4557-a13c-87c07f5efb7f","Vehicle-DM258","e32df37c-dc7a-4b4f-88fb-a71927af619b","Fire","2026-02-01 18:48:34.407","[51.67346758103125,-0.42749337301313817]","Active","Description of the Incident"
"fac78f41-38ab-49c0-a73a-83d1f50d23c8","Vehicle-DM258","fd486e56-ab10-47d1-87f7-174d07ee1374","None","2026-02-01 18:49:31.407","[51.6831619950892,-0.44513801459516716]","Resolved","Description of the Incident"
"b41bcffe-ea60-442d-92c0-6ee5d58fd67b","Vehicle-DM258","b041a7ce-947d-41f3-bf00-74231f6a2b15","None","2026-02-01 18:50:31.407","[51.692604791914476,-0.46296730676967257]","Active","Description of the Incident"
"532525ca-d18e-4b5b-8b96-22fcc8f8c49b","Vehicle-DM258","2fcb8d37-0db2-4832-8883-25191cf1ec20","None","2026-02-01 18:51:28.407","[51.701949671494205,-0.48058547827267917]","Active","Description of the Incident"
"c7b37c71-1b47-4d12-ad15-3deeee8b64a6","Vehicle-DM258","c97f9a58-6d8d-4c89-9324-954ee0a48365","Police","2026-02-01 18:52:16.407","[51.711857053004536,-0.49829225335734334]","Resolved","Description of the Incident"
"166387e2-cbb8-4ecc-9066-61073a25fb84","Vehicle-DM258","cfb277a9-431d-436c-b198-15bc809ad87e","Accident","2026-02-01 18:52:46.407","[51.722074071336245,-0.5154825190698985]","Active","Description of the Incident"
"4912b12c-aef0-49b2-8ac5-01d8ddaf422b","Vehicle-DM258","1af043ce-ef1f-4776-aa4f-1d6ec0e94b69","Fire","2026-02-01 18:53:42.407","[51.731731598424986,-0.5334507722375413]","Resolved","Description of the Incident"
"fd37a339-7442-4f2d-8ee1-c19579012854","Vehicle-DM258","f51e7440-bb56-4da6-aaa6-a35857a587c8","None","2026-02-01 01:41:05.885","[52.25635986003812,-1.482863072520283]","Active","Description of the Incident"
"bdaa7891-f3ad-47a7-aea3-df081a316414","Vehicle-DM258","0bad18a7-2d60-44d6-bae2-e58587967497","Fire","2026-02-01 01:42:01.885","[52.26655847699183,-1.500243900366149]","Active","Description of the Incident"
"5fd49d5e-8327-469e-9a45-cd130a17fa18","Vehicle-DM258","02b3a72f-c829-44db-a388-d0c6ccab20f9","Fire","2026-02-01 01:42:40.885","[52.2767498806959,-1.5177235597572583]","Active","Description of the Incident"
"acdb30bb-924f-466b-b315-6e51972b455b","Vehicle-DM258","51038527-64fc-4f05-8bbd-5da601ca16f9","Fire","2026-02-01 19:06:04.407","[51.885646429741556,-0.8132324485600234]","Active","Description of the Incident"
"9076791c-9178-46bc-af3d-ae4310d09397","Vehicle-DM258","25dd145e-9a76-4d76-9a25-1d2e77f7a56b","None","2026-02-01 19:06:40.407","[51.89531746503399,-0.8312056432934463]","Active","Description of the Incident"
"0527e9f1-d4bd-44f2-913f-bbfc1b48b6e9","Vehicle-DM258","2c3912ec-b703-4d7f-8400-f284956ee89c","Accident","2026-02-01 01:31:42.885","[52.12779518248539,-1.2544018593622095]","Resolved","Description of the Incident"
"c1cec091-9b28-49f8-bcdc-7a282b74ee98","Vehicle-DM258","488c2741-a469-4713-a7cc-05061caf9a20","Police","2026-02-01 01:32:23.885","[52.137496430056196,-1.272340276820815]","Active","Description of the Incident"
"9c342d49-6685-4904-8aeb-f352c92ca050","Vehicle-DM258","a11b50b0-aed6-42ff-bb0f-cb767e06e402","Police","2026-02-01 01:38:44.885","[52.21643820653115,-1.4134029347135815]","Active","Description of the Incident"
"07715912-b8c6-4e6c-84ad-aace78609f66","Vehicle-DM258","cf3dfca0-701d-49a9-8f6d-85f233cdeb7f","Fire","2026-02-01 01:39:15.885","[52.22642020769395,-1.4306255106515309]","Active","Description of the Incident"
"56d1a8de-4869-4177-8e00-739106b763a4","Vehicle-DM258","8452fdb3-5ef2-4c93-80a1-f2a2d43b8e8a","Accident","2026-02-01 01:08:52.885","[51.855847735312004,-0.7610712841548348]","Resolved","Description of the Incident"
"9c253a51-b969-450e-9774-65940e1e8507","Vehicle-DM258","bdbaea56-3def-437e-99ae-e82acd040d6f","None","2026-02-01 01:09:44.885","[51.865354576448816,-0.7783931742986617]","Resolved","Description of the Incident"
"76da7b36-2f67-45e5-9955-afaf9d45efea","Vehicle-DM258","ce920e4e-f620-4bc9-b636-035f9542a411","Fire","2026-02-01 01:10:33.885","[51.87559261605726,-0.7956277483728513]","Resolved","Description of the Incident"
"acf4cc34-e23f-4edc-8f28-e215d5e8aee4","Vehicle-DM258","398ee6dd-c253-4223-a48b-0baafe6f8698","Fire","2026-02-01 01:11:23.885","[51.885646429741556,-0.8132324485600234]","Active","Description of the Incident"
"10d1ff8b-5d2e-4069-8997-52e9ec219edb","Vehicle-DM258","11df941a-e966-4551-b8f9-64eefc8a6bc5","None","2026-02-01 01:11:59.885","[51.89531746503399,-0.8312056432934463]","Active","Description of the Incident"
"af6a569a-06e3-487d-ab8f-7c3df9724c8f","Vehicle-DM258","3ca6c2c7-0176-44f3-8eed-9f52fa2bfbac","None","2026-02-01 01:12:41.885","[51.90546219706629,-0.8485660487173282]","Active","Description of the Incident"
"460a52f7-2ee0-4345-99fd-a10e6fc11f91","Vehicle-DM258","281466f0-4a8c-4e2f-a0be-25131d1a349a","Police","2026-02-01 19:18:41.407","[52.042206151738796,-1.0950869047260299]","Resolved","Description of the Incident"
"f9d5367b-1773-4de6-80b6-79dc3ad83a6e","Vehicle-DM258","f72dc167-e1ed-4363-84b1-b5d572885342","None","2026-02-01 19:19:41.407","[52.051678515409186,-1.1131615280088463]","Resolved","Description of the Incident"
"22a45235-1a57-465d-b9ea-9cdea5a9ffbd","Vehicle-DM258","166e1fec-2614-4286-a623-b9b6a5a4ecff","Medical","2026-02-01 01:20:03.885","[51.994135697219804,-1.0070879300932327]","Resolved","Description of the Incident"
"ec53f75a-c959-41bf-824a-523835b99a91","Vehicle-DM258","957fc9d2-1468-456b-9b55-97da5b3486bd","Police","2026-02-01 01:21:01.885","[52.00370335570784,-1.0246177750852952]","Resolved","Description of the Incident"
"bdc94d75-d6b9-4882-8ed9-13a3275d4406","Vehicle-DM258","3778c0d7-37f3-40c4-af5c-629ececeaaf5","Medical","2026-02-01 19:22:56.407","[52.08964889125061,-1.1838012436492353]","Resolved","Description of the Incident"
"77b1bee5-a78d-45a8-acce-fdf344771b39","Vehicle-DM258","f6190758-64aa-4119-81e7-973e5d905d23","None","2026-02-01 19:23:48.407","[52.09906124490879,-1.2012385656580231]","Resolved","Description of the Incident"
"37437d63-f9a0-49be-a92b-f92cd08db64a","Vehicle-DM258","572839dc-d260-4d13-b55f-a3e0427d2fc9","Police","2026-02-01 19:24:39.407","[52.10837510980118,-1.2191356412423011]","Resolved","Description of the Incident"
"0ee4f370-76f4-4788-8c34-21a8108c6eed","Vehicle-DM258","2754aa40-89c7-4581-8ad7-8a4a7f7adf4d","Police","2026-02-01 19:25:29.407","[52.1178445989484,-1.2366763116170232]","Resolved","Description of the Incident"
"61f9725f-52ae-4f0b-a33d-b3ab6a6634e9","Vehicle-DM258","f38fa233-3c0b-428b-95d0-c283057e2fbf","None","2026-02-01 19:07:22.407","[51.90546219706629,-0.8485660487173282]","Active","Description of the Incident"
"fb11dc1a-bbbc-4a92-b7ea-52707005e639","Vehicle-DM258","75f2cc3d-6b4d-40dc-b42b-f4671f061828","None","2026-02-01 19:08:07.407","[51.915238426543844,-0.866419113405565]","Active","Description of the Incident"
"84c664ef-bdd6-4aab-bf81-eca549038e88","Vehicle-DM258","0f23521b-b362-49c3-8557-6b2125c0b164","Medical","2026-02-01 19:08:58.407","[51.92543335540643,-0.8839532206299371]","Resolved","Description of the Incident"
"4296f890-e6ce-488f-99d4-e1a62982ef16","Vehicle-DM258","4c6d1094-6303-404b-9d1e-1c62070649e4","Accident","2026-02-01 19:09:52.407","[51.93548258511433,-0.9017000944143729]","Active","Description of the Incident"
"4bfa429e-71da-4f8f-a05a-f9ff5ee73a05","Vehicle-DM258","06bc4305-85f5-4a86-af88-3fa7718d611f","Medical","2026-02-01 01:27:25.885","[52.079935752284506,-1.166219806027946]","Active","Description of the Incident"
"bf4a3f8f-6fd1-4285-a2af-cbcacb3e6c80","Vehicle-DM258","75bbba2a-8413-4fb9-98ee-f55ce3461122","Medical","2026-02-01 01:28:15.885","[52.08964889125061,-1.1838012436492353]","Resolved","Description of the Incident"
"a3761a63-2324-45a9-bda7-ff77f3e56774","Vehicle-DM258","2d795e7f-9530-4d7f-a4d7-0ac0d6e62dbb","None","2026-02-01 01:29:07.885","[52.09906124490879,-1.2012385656580231]","Resolved","Description of the Incident"
"3e212a75-def8-4022-86fa-724614330346","Vehicle-DM258","cc40fcc7-afdb-4375-aa6b-ae6a60559b29","None","2026-02-01 01:21:40.885","[52.01343953025743,-1.0427265318259467]","Resolved","Description of the Incident"
"d3b1cae3-86b8-4a4b-9ae1-d9ff28656d91","Vehicle-DM258","bac4244b-584c-4699-9217-b33fb84cd431","Fire","2026-02-01 01:22:19.885","[52.023079340785046,-1.0603987865630935]","Resolved","Description of the Incident"
"cd7884d5-b701-4a8c-aead-e28ab010fe6b","Vehicle-DM258","836540b2-2b67-4fd3-8572-54d100a3e160","Police","2026-02-01 19:12:50.407","[51.9748452818256,-0.9720205273974397]","Active","Description of the Incident"
"a09da41e-ac2a-4e06-8960-80623c095ad8","Vehicle-DM258","6b7f1750-e1e2-4c0e-8fce-d1989791d581","Fire","2026-02-01 19:13:50.407","[51.98456876897061,-0.9894127320934264]","Active","Description of the Incident"
"9db0006e-6932-40e2-8c73-af98d57bc5e5","Vehicle-DM258","65de6f45-e7ec-4c33-a1a9-58e2d2686b45","Medical","2026-02-01 19:14:44.407","[51.994135697219804,-1.0070879300932327]","Resolved","Description of the Incident"
"d252dcaa-7d71-4385-90d4-b041b1bc464d","Vehicle-DM258","5f63ce6e-175c-4b5a-a771-2af4997d4142","Medical","2026-02-01 19:10:28.407","[51.94552481831839,-0.918876482681657]","Resolved","Description of the Incident"
"525d58f5-d659-4429-aeb2-ee040af8a925","Vehicle-DM258","0204ec35-28be-48e9-a970-bffb3e8ad1f0","Police","2026-02-01 19:11:21.407","[51.954980607461756,-0.9363952351877661]","Resolved","Description of the Incident"
"0c07b50f-8106-4d63-8073-8c2c0142f35c","Vehicle-DM258","c69163d7-35ac-4c4d-8709-2cb251d722be","None","2026-02-01 19:12:09.407","[51.965210078060295,-0.9543229054106744]","Active","Description of the Incident"
"207e4381-45e4-4a49-a491-f57eccdda668","Vehicle-DM258","b6aba25d-8591-4a57-bbf2-bc42c5d14c35","None","2026-02-01 01:23:13.885","[52.032643840412014,-1.0779351996571327]","Active","Description of the Incident"
"9fdb1a72-f302-48b0-ad5d-96ef8fe83488","Vehicle-DM258","137d4ecd-db37-43c6-ae37-e4816e970d43","Police","2026-02-01 01:24:00.885","[52.042206151738796,-1.0950869047260299]","Resolved","Description of the Incident"
"e471f708-848e-4666-9eb4-9fdfe1d3ee2e","Vehicle-DM258","1e633fef-cc6f-407d-9be6-f128bc3b4eed","None","2026-02-01 01:25:00.885","[52.051678515409186,-1.1131615280088463]","Resolved","Description of the Incident"
"ed4c153f-e583-4da0-8224-25de61c42593","Vehicle-DM258","c1634c5f-aa19-400b-a896-046933d3ea02","Police","2026-02-01 19:15:42.407","[52.00370335570784,-1.0246177750852952]","Resolved","Description of the Incident"
"b73c9aa7-23d9-4cea-847d-b09fe7c67c89","Vehicle-DM258","e0cafd91-29d6-475c-ac9c-21ee8ee74be4","None","2026-02-01 19:16:21.407","[52.01343953025743,-1.0427265318259467]","Resolved","Description of the Incident"
"8bcb3a26-a119-4e5b-bc99-ad92f97d94ad","Vehicle-DM258","2c3ef766-964b-4ef3-888b-da7cf55a3f88","Fire","2026-02-01 19:17:00.407","[52.023079340785046,-1.0603987865630935]","Resolved","Description of the Incident"
"fcfec48a-b8cb-41a5-9425-394bce6558d1","Vehicle-DM258","8fd7d0e9-e700-48ef-a56e-450797bd0f08","None","2026-02-01 19:17:54.407","[52.032643840412014,-1.0779351996571327]","Active","Description of the Incident"
"91c69b9c-68d2-4d9c-860d-3ad7297bf476","Vehicle-DM258","74ba10fd-945b-4f29-8dcf-6ae642833f03","Accident","2026-02-01 18:58:02.407","[51.78819986604097,-0.6389903732773932]","Resolved","Description of the Incident"
"32b39458-6157-42d8-823e-bfd860bac442","Vehicle-DM258","c0b88f66-1747-40de-b497-5e3991397b82","Medical","2026-02-01 18:58:53.407","[51.79783901217005,-0.6566069676018652]","Active","Description of the Incident"
"2aee6d68-7c37-4f34-8b91-254af0ba8f8a","Vehicle-DM258","456a1306-1220-499d-bf18-fe3cc79492aa","Police","2026-02-01 01:52:07.885","[52.4037030782159,-1.7471933090184821]","Resolved","Description of the Incident"
"54b4664b-f8d2-4bfb-86ce-b80cc0251c9d","Vehicle-DM258","2f30c046-83cc-4608-9ccf-1065752960c5","Medical","2026-02-01 01:52:50.885","[52.41340706786616,-1.7652242231792064]","Active","Description of the Incident"
"166da188-d864-4283-850a-3ec427ab6d7d","Vehicle-DM258","a44b7d26-4386-425d-ba86-08a9409d4e03","Police","2026-02-01 19:30:25.407","[52.176904962532475,-1.3427748564219537]","Active","Description of the Incident"
"d3da648c-bdba-4d02-8e19-c20f59804343","Vehicle-DM258","c65d778b-ccc7-4d5c-af8d-b01084c84111","Police","2026-02-01 19:31:05.407","[52.18704897550846,-1.360490081326404]","Active","Description of the Incident"
"6d93b319-a00a-4db8-a964-d003e025123c","Vehicle-DM258","a05460eb-4968-49ff-8999-f4842b3cc3f7","Accident","2026-02-01 19:31:45.407","[52.196463221778274,-1.377650727736227]","Resolved","Description of the Incident"
"b629858a-d264-4071-b8fe-fc822dc9621a","Vehicle-DM258","1c2e4c10-e6ae-4bcf-9578-4dad7e4f8556","None","2026-02-01 01:55:50.885","[52.45237193745697,-1.8355302190036773]","Active","Description of the Incident"
"2995a20a-37dc-47d8-b5d0-3a7ee3d43153","Vehicle-DM258","69ca7d18-3185-49a0-9e4a-5a0975366821","None","2026-02-01 01:56:44.885","[52.46254327964149,-1.8535006391002726]","Active","Description of the Incident"
"23cf15d2-ebc8-48ac-bb61-d64edabc764b","Vehicle-DM258","0c61e6ef-dc5f-47ca-be9e-0377c2d299cb","Accident","2026-02-01 01:39:57.885","[52.23588327704901,-1.4481420188646423]","Resolved","Description of the Incident"
"71c85077-d9ae-44ba-aa96-484740a5d31f","Vehicle-DM258","20b9e045-fb9e-4cd2-b2ae-60258d5de065","Medical","2026-02-01 01:40:32.885","[52.24607248647261,-1.4655904079789432]","Active","Description of the Incident"
"01285ccc-c6ff-4f58-9917-29185b89dffc","Vehicle-DM258","6fdfe1a2-59d0-4a22-b26a-f90b9b27fbac","None","2026-02-01 01:48:03.885","[52.3559116449939,-1.6592910577520548]","Active","Description of the Incident"
"f8a4af01-a0d9-4b8c-8d65-9186ac693d06","Vehicle-DM258","cc48bd68-b192-4849-bc4c-2dd88f45f006","Medical","2026-02-01 01:48:37.885","[52.36547691983988,-1.676433029620207]","Active","Description of the Incident"
"1775da48-65a3-4b94-b13c-96cab0d7a21c","Vehicle-DM258","9fd26c7c-d378-4cdb-b43c-a20b60d5c24a","Fire","2026-02-01 01:49:30.885","[52.37493916604129,-1.6945066306023457]","Active","Description of the Incident"
"bba33c99-aab0-4cb6-b893-b42067de40c7","Vehicle-DM258","80700026-bf46-4800-8f98-6d3d980caf15","Medical","2026-02-01 01:57:35.885","[52.47217645249697,-1.8715157493280716]","Active","Description of the Incident"
"152a1a0a-586d-4016-b927-fb76f300a749","Vehicle-DM258","41921031-f00b-4dce-9610-67d96bc18b44","Medical","2026-02-01 01:58:14.885","[52.48223180202427,-1.8888775884323104]","Active","Description of the Incident"
