"id","deviceid","timestamp","speed","direction","vehicletype"
"db0ed013-8f03-4687-bb45-f91dae4fbdbd","Vehicle-DM258","2026-02-01 18:58:02.407","32.821455238862484","North-East","private"
"787ab5ee-6e87-4fa9-b68d-41ec98f2aade","Vehicle-DM258","2026-02-01 18:58:53.407","21.448629299148877","North-East","private"
"b6079549-bc7d-4b60-9bc8-845ba6d26f90","Vehicle-DM258","2026-02-01 18:59:46.407","17.45575535482432","North-East","private"
"cb6bf407-9f6d-43a1-a96b-5cb75ed3c385","Vehicle-DM258","2026-02-01 01:27:25.885","1.3055942152369715","North-East","private"
"73a25032-87a3-4296-aecf-4d60f2f0f840","Vehicle-DM258","2026-02-01 01:28:15.885","10.625298865625608","North-East","private"
"235fa0fc-9051-4f30-83ac-be5b172daf2b","Vehicle-DM258","2026-02-01 01:29:07.885","10.889847725770526","North-East","private"
"27ec0bab-7cd9-4229-94ca-38bf5e3c53df","Vehicle-DM258","2026-02-01 19:31:05.407","28.209115241000102","North-East","private"
"7ee4c2bd-7606-4fc4-9714-4d76496a24e3","Vehicle-DM258","2026-02-01 19:31:45.407","34.967614962172334","North-East","private"
"066e2d10-360e-4b2f-9bc6-3437b11649f4","Vehicle-DM258","2026-02-01 19:32:34.407","25.993466103170903","North-East","private"
"97360487-9f16-4ebd-8acb-513bcbbbd1bf","Vehicle-DM258","2026-02-01 19:21:17.407","3.969342990991529","North-East","private"
"e587cbc9-5d12-46ac-b339-c0622788b364","Vehicle-DM258","2026-02-01 19:22:06.407","1.3055942152369715","North-East","private"
"458bd60f-51be-4597-b430-e4535d753ba3","Vehicle-DM258","2026-02-01 19:35:13.407","37.80942539738584","North-East","private"
"76470b39-1ba7-42df-8776-97a7fad3afe1","Vehicle-DM258","2026-02-01 01:42:01.885","11.44776605836778","North-East","private"
"6bfce8e4-6dbb-4fb4-b6d1-143d8e0937f2","Vehicle-DM258","2026-02-01 01:42:40.885","1.3345812498252974","North-East","private"
"e365731f-1249-470a-9f53-76356f479be3","Vehicle-DM258","2026-02-01 19:35:46.407","22.876907694029555","North-East","private"
"e8fd7d53-35bf-4829-bb25-4cc78553ac27","Vehicle-DM258","2026-02-01 19:36:42.407","11.44776605836778","North-East","private"
"a25b39a2-41a3-44db-a7c3-997ad4c3c1d0","Vehicle-DM258","2026-02-01 19:37:21.407","1.3345812498252974","North-East","private"
"1ddd0cd8-9b41-46ed-bb8c-021e792ebca7","Vehicle-DM258","2026-02-01 19:38:02.407","36.53947897926788","North-East","private"
"04c9f813-4194-4bec-9f70-a8f26354841f","Vehicle-DM258","2026-02-01 19:38:56.407","34.40562387595287","North-East","private"
"09b648ca-5f8f-4bb8-a0b9-f7f867e59a88","Vehicle-DM258","2026-02-01 19:39:37.407","26.893631894040524","North-East","private"
"d340455e-c32c-4c6d-9119-727d6000d7ec","Vehicle-DM258","2026-02-01 19:40:09.407","18.570701452907215","North-East","private"
"972c32ae-1128-4956-aa30-4c6d9ca1860f","Vehicle-DM258","2026-02-01 19:40:43.407","14.840460619475309","North-East","private"
"5b2107eb-182a-45ae-8a54-43083e5d140b","Vehicle-DM258","2026-02-01 19:41:35.407","17.735323442428065","North-East","private"
"1b7ad35e-b96e-4a57-b9aa-2eca889478e4","Vehicle-DM258","2026-02-01 19:42:08.407","32.96764327726286","North-East","private"
"7eeac522-4f3f-4013-a6de-2aead0c1b66a","Vehicle-DM258","2026-02-01 19:42:44.407","30.60629503554338","North-East","private"
"410b3576-1515-45ff-993f-f37753cdcea3","Vehicle-DM258","2026-02-01 19:43:18.407","31.940552942304944","North-East","private"
"535259f0-0f13-43a7-9b2a-dfae163b5605","Vehicle-DM258","2026-02-01 19:44:11.407","4.5459722714618644","North-East","private"
"603c89c6-b23d-4b5d-a7d6-da1c25f408f3","Vehicle-DM258","2026-02-01 19:45:02.407","18.321700883907283","North-East","private"
"f9776335-3d32-4611-a303-1f7646ddfeae","Vehicle-DM258","2026-02-01 19:45:51.407","5.047663532202242","North-East","private"
"72bda6c0-c8da-4206-b843-fa07a3ef97e3","Vehicle-DM258","2026-02-01 19:46:48.407","35.10824852256856","North-East","private"
"a2a91275-87cd-4ce5-990d-50532738ddd1","Vehicle-DM258","2026-02-01 19:47:31.407","10.195591859311168","North-East","private"
"cc182d44-554b-410f-b975-cf7d4191eb94","Vehicle-DM258","2026-02-01 19:48:18.407","26.80053058929183","North-East","private"
"a63ac9a6-6ea0-4b53-8640-2dff9d41dd71","Vehicle-DM258","2026-02-01 19:49:09.407","33.89099392539811","North-East","private"
"5bb6e7e7-ba85-450c-a09e-2dac2f0ec6fe","Vehicle-DM258","2026-02-01 19:50:01.407","7.216642878434176","North-East","private"
"05ed30dc-e86e-4485-aeff-8a7f1fa50482","Vehicle-DM258","2026-02-01 19:50:31.407","21.21930754635718","North-East","private"
"b48ef785-7294-4582-aeaf-3b11d216200b","Vehicle-DM258","2026-02-01 19:51:25.407","26.958748424524522","North-East","private"
"1e1520f3-bf09-4db1-abda-745672210292","Vehicle-DM258","2026-02-01 19:52:16.407","19.465310134570032","North-East","private"
"7a26e3d1-906b-4aba-94b7-d4fcccc74fb9","Vehicle-DM258","2026-02-01 19:52:55.407","0.3091962627724776","North-East","private"
"d0862844-ddf7-4bc2-a711-dc06ae756aa6","Vehicle-DM258","2026-02-01 19:27:59.407","6.335126552209296","North-East","private"
"235e1ce6-1929-43a9-afa2-0b1f5772f908","Vehicle-DM258","2026-02-01 19:28:45.407","16.619613717414122","North-East","private"
"d7c278d7-a1bd-459e-bb48-3430f28757db","Vehicle-DM258","2026-02-01 19:29:40.407","13.59500972457182","North-East","private"
"d5e111db-3fac-43a4-9b89-33ccfcd61841","Vehicle-DM258","2026-02-01 19:30:25.407","22.07669668283244","North-East","private"
"0cbca562-fb39-45e7-83db-3a7ab1008e92","Vehicle-DM258","2026-02-01 01:52:07.885","35.10824852256856","North-East","private"
"05e4d0b3-b561-47e2-b187-143b000a4dc8","Vehicle-DM258","2026-02-01 01:52:50.885","10.195591859311168","North-East","private"
"661d906a-5297-4315-9dd3-6f3e7f528b08","Vehicle-DM258","2026-02-01 01:13:26.885","13.445181747935298","North-East","private"
"2fec4e16-9ceb-43fe-b37b-8ef789809049","Vehicle-DM258","2026-02-01 01:14:17.885","25.70998592037343","North-East","private"
"8765a91a-5366-4ef3-9605-edbc16232a3e","Vehicle-DM258","2026-02-01 01:15:11.885","16.86259307034955","North-East","private"
"ee5bdda5-4387-4a28-8e62-dc469b02182e","Vehicle-DM258","2026-02-01 01:37:04.885","34.967614962172334","North-East","private"
"f34ebba9-04f3-4989-9052-3626c7c637cc","Vehicle-DM258","2026-02-01 18:46:57.407","35.295323005629506","North-East","private"
"d0adf777-9ad0-426c-a327-3c0bb6277ba7","Vehicle-DM258","2026-02-01 18:47:50.407","26.138219530631662","North-East","private"
"1c21612e-ae1d-4692-b1ad-93435c6f7e91","Vehicle-DM258","2026-02-01 18:48:34.407","36.93062397104051","North-East","private"
"619ba912-6ee4-40ca-8675-51e79e9018d7","Vehicle-DM258","2026-02-01 18:49:31.407","2.345415998887157","North-East","private"
"1e78757e-1e2d-41e7-8336-3c03575b5965","Vehicle-DM258","2026-02-01 18:50:31.407","29.429487151561737","North-East","private"
"38b3afbb-916a-4b4f-9a01-81c05e24ff32","Vehicle-DM258","2026-02-01 18:51:28.407","23.801404258001106","North-East","private"
"0f4969a2-e29e-468a-b5a0-99b13750682c","Vehicle-DM258","2026-02-01 18:52:16.407","12.654793839069086","North-East","private"
"69f5f7e6-1fe4-4b58-8135-0eab81b4370d","Vehicle-DM258","2026-02-01 01:37:53.885","25.993466103170903","North-East","private"
"1957c9d3-0ef5-4d0b-ab3b-9ce5277a0bd1","Vehicle-DM258","2026-02-01 18:52:46.407","39.93817763417769","North-East","private"
"45921ce6-b16e-496b-a490-6b6af1222bc5","Vehicle-DM258","2026-02-01 18:53:42.407","12.100685719155596","North-East","private"
"bb25be22-2402-4d91-8d55-46d0dbbae5af","Vehicle-DM258","2026-02-01 18:54:29.407","11.270250858315771","North-East","private"
"ec042b4a-963e-44a1-ad90-abd43400aa85","Vehicle-DM258","2026-02-01 18:55:07.407","13.342261544203527","North-East","private"
"7288ee21-3b5e-481c-a7f5-d885a1d0e6de","Vehicle-DM258","2026-02-01 18:56:05.407","1.4411255224332242","North-East","private"
"0c7dab3d-bafb-4979-a999-2db3694f150a","Vehicle-DM258","2026-02-01 01:17:28.885","25.089695824041776","North-East","private"
"a2527b22-eb4e-4672-b20b-636b381396ec","Vehicle-DM258","2026-02-01 01:18:09.885","25.901730162272205","North-East","private"
"27f2fbee-612f-457b-89be-5a421b55d97e","Vehicle-DM258","2026-02-01 01:19:09.885","24.636494162142043","North-East","private"
"36b6e46c-c327-44b9-9710-3c02e0e52f84","Vehicle-DM258","2026-02-01 19:06:40.407","16.303974786663467","North-East","private"
"aa233486-6ce3-4ddd-9eee-f7ec0538a273","Vehicle-DM258","2026-02-01 19:07:22.407","37.709666297363874","North-East","private"
"77f3329b-98e7-48da-bcde-205ad73be2cb","Vehicle-DM258","2026-02-01 19:08:07.407","13.445181747935298","North-East","private"
"3155d1b2-8cdb-4492-b295-d78066efc3a2","Vehicle-DM258","2026-02-01 19:08:58.407","25.70998592037343","North-East","private"
"0472323e-7642-4782-8e00-25c40a2227b5","Vehicle-DM258","2026-02-01 19:09:52.407","16.86259307034955","North-East","private"
"ef39e19c-76e0-4a3d-aad7-70b6c7627929","Vehicle-DM258","2026-02-01 19:10:28.407","24.853426263446316","North-East","private"
"bb1c4532-2250-4aca-b54e-5edf35cf026c","Vehicle-DM258","2026-02-01 19:11:21.407","31.111675447017305","North-East","private"
"00f43290-6f3d-4e27-9405-24df6faa139a","Vehicle-DM258","2026-02-01 19:12:09.407","25.089695824041776","North-East","private"
"12b4f47c-8707-4b6b-801c-e3ff910f0942","Vehicle-DM258","2026-02-01 19:12:50.407","25.901730162272205","North-East","private"
"1c9708d2-23bf-43b1-8c36-2dce7ee850cd","Vehicle-DM258","2026-02-01 01:50:21.885","18.321700883907283","North-East","private"
"0c815cad-a3fa-4139-a321-3992ebf4dd1a","Vehicle-DM258","2026-02-01 01:51:10.885","5.047663532202242","North-East","private"
"ada059db-42bb-4844-b60c-cdba796e2f5b","Vehicle-DM258","2026-02-01 19:13:50.407","24.636494162142043","North-East","private"
"45c0448d-deac-439e-a9b7-66c75e5192c2","Vehicle-DM258","2026-02-01 19:14:44.407","24.413268169220824","North-East","private"
"6a2a33ba-1ee6-48dc-b699-729efe70c7f2","Vehicle-DM258","2026-02-01 19:15:42.407","0.40604457754708445","North-East","private"
"770021d0-99e2-4ed3-9e92-e3e9933ed053","Vehicle-DM258","2026-02-01 19:00:37.407","29.67800311357906","North-East","private"
"ba869d74-c2e2-4d28-9dcb-f0af4aeb4815","Vehicle-DM258","2026-02-01 19:01:17.407","11.826208101037881","North-East","private"
"4550ec43-d975-4545-9d12-8f80d14fc017","Vehicle-DM258","2026-02-01 01:53:37.885","26.80053058929183","North-East","private"
"168360d3-27ce-4a40-86d6-716fd85df266","Vehicle-DM258","2026-02-01 01:54:28.885","33.89099392539811","North-East","private"
"a0462531-8db5-4913-a961-27f78d5c709e","Vehicle-DM258","2026-02-01 01:55:20.885","7.216642878434176","North-East","private"
"72fa2bc4-c137-441d-8f49-3fdae96808d9","Vehicle-DM258","2026-02-01 01:33:18.885","6.335126552209296","North-East","private"
"ef826edc-cc8f-4f64-8cd3-2b6d03838ecf","Vehicle-DM258","2026-02-01 01:34:04.885","16.619613717414122","North-East","private"
"6fd39988-c925-40c1-bd25-2db6e8385025","Vehicle-DM258","2026-02-01 01:34:59.885","13.59500972457182","North-East","private"
"96e419cd-a665-428e-bc72-209f24dd6351","Vehicle-DM258","2026-02-01 18:56:38.407","22.39534076575479","North-East","private"
"b23028f2-30ae-4ea3-b3fb-e1857f595f4e","Vehicle-DM258","2026-02-01 18:57:18.407","16.468526662062146","North-East","private"
"2aad96d0-e9ae-4b18-8ac8-a9aa2014d90d","Vehicle-DM258","2026-02-01 01:15:47.885","24.853426263446316","North-East","private"
"6e80f867-e3ea-41dc-8f7c-f3d2b2f89f7d","Vehicle-DM258","2026-02-01 01:16:40.885","31.111675447017305","North-East","private"
"2414edea-ddbf-4592-8d21-70b57a66ab86","Vehicle-DM258","2026-02-01 01:44:56.885","26.893631894040524","North-East","private"
"7fcb6ac2-5c94-4a43-9207-5e57e508ed8d","Vehicle-DM258","2026-02-01 01:45:28.885","18.570701452907215","North-East","private"
"29d0f9ef-6f01-4008-b852-b55d83b7a4bc","Vehicle-DM258","2026-02-01 01:46:02.885","14.840460619475309","North-East","private"
"00b276a4-316a-4b52-903c-3859f804b68c","Vehicle-DM258","2026-02-01 01:46:54.885","17.735323442428065","North-East","private"
"385bac16-e512-42ad-b52a-ba0c6c06648f","Vehicle-DM258","2026-02-01 01:47:27.885","32.96764327726286","North-East","private"
"0855b09b-d996-4e76-a3c0-943a6e142255","Vehicle-DM258","2026-02-01 01:55:50.885","21.21930754635718","North-East","private"
"8cd99cd7-4fd7-4d3e-8f6b-28725c3aebee","Vehicle-DM258","2026-02-01 01:56:44.885","26.958748424524522","North-East","private"
"eb45fe09-27b0-46b7-a204-58ccfbf59163","Vehicle-DM258","2026-02-01 19:33:25.407","39.89703691824862","North-East","private"
"bb911a92-c850-4eed-b3b8-a68a9c8a8268","Vehicle-DM258","2026-02-01 19:33:56.407","2.2447691242002765","North-East","private"
"702ea22b-7dac-44e7-8adb-a0e69ea15b65","Vehicle-DM258","2026-02-01 19:34:38.407","9.633191674252522","North-East","private"
"175f58c0-625b-4f3c-bece-37532468e1f8","Vehicle-DM258","2026-02-01 19:01:56.407","17.195525999593386","North-East","private"
"2e58a0e4-1083-44d2-818a-17aac8eb7d9b","Vehicle-DM258","2026-02-01 19:02:45.407","32.73693858146657","North-East","private"
"7221b8de-bc30-4bad-8bbb-135a557b64d8","Vehicle-DM258","2026-02-01 19:03:33.407","27.8541700196202","North-East","private"
"1722c6c3-0b0f-4d21-8063-db8c5274a188","Vehicle-DM258","2026-02-01 19:16:21.407","27.671486211808073","North-East","private"
"ab5eb5df-5d04-4148-a810-39244add8e4a","Vehicle-DM258","2026-02-01 19:17:00.407","4.826235390092233","North-East","private"
"155f0257-96b1-41fc-899a-d9108b3c0995","Vehicle-DM258","2026-02-01 19:17:54.407","11.3199481309982","North-East","private"
"321635b1-a35b-4c72-904e-54e71b39276a","Vehicle-DM258","2026-02-01 01:57:35.885","19.465310134570032","North-East","private"
"16b96572-7b25-4752-aae3-ce7ea9eae654","Vehicle-DM258","2026-02-01 01:58:14.885","0.3091962627724776","North-East","private"
"ffacbe3a-2e29-4218-a08c-7a357e5fff95","Vehicle-DM258","2026-02-01 01:25:47.885","24.252706049718512","North-East","private"
"ca4dcda5-0e12-4286-b97b-81cb605aa20c","Vehicle-DM258","2026-02-01 01:26:36.885","3.969342990991529","North-East","private"
"c8cc02df-3cf0-4f2e-9cc7-ea8e8a24839b","Vehicle-DM258","2026-02-01 01:39:57.885","9.633191674252522","North-East","private"
"6dab543e-dbb0-4c6c-ab8d-cf0be0be9bb0","Vehicle-DM258","2026-02-01 01:40:32.885","37.80942539738584","North-East","private"
"6b160a25-bd10-4677-a05c-b645682daef1","Vehicle-DM258","2026-02-01 01:41:05.885","22.876907694029555","North-East","private"
"9ed5a1cf-588f-4481-b088-0fed0fef7d9f","Vehicle-DM258","2026-02-01 01:48:03.885","30.60629503554338","North-East","private"
"38b474f8-b8bf-43c8-b651-80abb29c2cab","Vehicle-DM258","2026-02-01 01:48:37.885","31.940552942304944","North-East","private"
"3e3d28c2-3892-48a0-ac0a-2437541f2beb","Vehicle-DM258","2026-02-01 01:49:30.885","4.5459722714618644","North-East","private"
"3a86bd5b-0488-48ee-a0f4-88a933f0aea3","Vehicle-DM258","2026-02-01 19:18:41.407","37.76358459182963","North-East","private"
"3ac2325e-df3f-42ef-8559-07e2de0c4d64","Vehicle-DM258","2026-02-01 19:19:41.407","4.563485628996982","North-East","private"
"4b01bd3f-5edd-4785-9c6c-11701db7beb3","Vehicle-DM258","2026-02-01 19:20:28.407","24.252706049718512","North-East","private"
"6b95e142-70b8-48c5-acc9-18b200953b03","Vehicle-DM258","2026-02-01 01:31:42.885","18.193036344069178","North-East","private"
"b3ded2c5-82ca-4015-9cb7-33b9eee8d53b","Vehicle-DM258","2026-02-01 01:07:15.885","17.195525999593386","North-East","private"
"28b3a82d-892e-487c-8fe8-1c066c3530ae","Vehicle-DM258","2026-02-01 01:32:23.885","19.939724095287545","North-East","private"
"e92369ff-2f79-4aaa-915e-35ea4603712a","Vehicle-DM258","2026-02-01 01:08:04.885","32.73693858146657","North-East","private"
"e001bb53-cdf9-4847-9641-634b78a7422b","Vehicle-DM258","2026-02-01 01:08:52.885","27.8541700196202","North-East","private"
"3f6107e0-0928-441e-ab4b-886d161a8198","Vehicle-DM258","2026-02-01 01:09:44.885","2.008735405625637","North-East","private"
"efce4dab-48cc-4a48-99e2-46f4c3e0f05d","Vehicle-DM258","2026-02-01 01:10:33.885","35.680811853640726","North-East","private"
"f7b8e09f-cd8b-4265-a6a4-ad255caaf088","Vehicle-DM258","2026-02-01 01:11:23.885","17.59490373059611","North-East","private"
"e1398ea1-0713-470c-8072-8e8098d59420","Vehicle-DM258","2026-02-01 01:11:59.885","16.303974786663467","North-East","private"
"a103275e-cf1e-4e0c-b32d-8cb71d5e2019","Vehicle-DM258","2026-02-01 01:12:41.885","37.709666297363874","North-East","private"
"de1a7172-a116-4159-80df-fadb08688eda","Vehicle-DM258","2026-02-01 00:41:22.885","5.581517141005756","North-East","private"
"66b0783b-5332-4e8a-b448-7532f2243a0d","Vehicle-DM258","2026-02-01 00:42:14.885","8.817624881627868","North-East","private"
"020541cd-b376-4b11-b615-cb1b87cd3a54","Vehicle-DM258","2026-02-01 00:42:46.885","14.359175219385136","North-East","private"
"5109432c-7c03-4807-92a2-5de0cc1f36cd","Vehicle-DM258","2026-02-01 00:43:35.885","14.46540104667906","North-East","private"
"8a36468b-0d93-4ea5-a0d2-6862acd999e7","Vehicle-DM258","2026-02-01 00:44:31.885","14.807238684675305","North-East","private"
"5a9ce531-ae7d-44b0-9932-7c3950529058","Vehicle-DM258","2026-02-01 00:45:30.885","22.27798975098585","North-East","private"
"42fc30c5-3152-49f2-9f01-06a477958ed3","Vehicle-DM258","2026-02-01 00:46:22.885","26.2175466117952","North-East","private"
"d27f7954-0960-4ca2-84c2-f368e2b29330","Vehicle-DM258","2026-02-01 00:46:59.885","5.533269795634235","North-East","private"
"e43a61ff-ba58-4fb2-8eaa-81f478a9ed83","Vehicle-DM258","2026-02-01 00:47:43.885","38.84313510454473","North-East","private"
"d0a6ecad-db8a-478f-afba-790227b9fdaa","Vehicle-DM258","2026-02-01 00:48:13.885","35.03411761512776","North-East","private"
"13804798-7c78-41c4-bc42-d174d7494c42","Vehicle-DM258","2026-02-01 00:49:00.885","36.89736322473099","North-East","private"
"beed4431-f895-4030-9e14-5ba59b449542","Vehicle-DM258","2026-02-01 00:50:00.885","29.27630379378511","North-East","private"
"8d1fc08e-ba58-4943-a00c-67c26fae1409","Vehicle-DM258","2026-02-01 00:50:54.885","8.046042535587837","North-East","private"
"83b5bd76-5057-4f6b-8793-89160309a630","Vehicle-DM258","2026-02-01 00:51:42.885","2.8397234403613014","North-East","private"
"86edc215-8242-4289-8683-213e41fa6b8e","Vehicle-DM258","2026-02-01 00:52:16.885","35.295323005629506","North-East","private"
"abf534b2-9aad-43fa-b53e-2afbadca7a14","Vehicle-DM258","2026-02-01 00:53:09.885","26.138219530631662","North-East","private"
"c318f094-8abc-4595-a134-6958d6c699ba","Vehicle-DM258","2026-02-01 00:53:53.885","36.93062397104051","North-East","private"
"e93b350a-93c2-4a39-b0c2-89525cad4cbd","Vehicle-DM258","2026-02-01 00:54:50.885","2.345415998887157","North-East","private"
"ec3952da-604d-4328-84fd-35c0ec252a65","Vehicle-DM258","2026-02-01 00:55:50.885","29.429487151561737","North-East","private"
"ee08ffc9-7a3e-436d-8311-0e7e2d0fc4dc","Vehicle-DM258","2026-02-01 00:56:47.885","23.801404258001106","North-East","private"
"5d9ecf93-562b-41db-a21a-14f0d4ead308","Vehicle-DM258","2026-02-01 00:57:35.885","12.654793839069086","North-East","private"
"ce3a747c-33bf-4015-93f3-35f85862ac7a","Vehicle-DM258","2026-02-01 00:58:05.885","39.93817763417769","North-East","private"
"84db54d2-96ae-4484-b0da-0c3958030c94","Vehicle-DM258","2026-02-01 00:59:01.885","12.100685719155596","North-East","private"
"6bcf53fd-36bf-411e-a4ae-54bdd00ca188","Vehicle-DM258","2026-02-01 00:59:48.885","11.270250858315771","North-East","private"
"9e1f13d2-8237-46e4-ba31-36f4fed4ea55","Vehicle-DM258","2026-02-01 01:00:26.885","13.342261544203527","North-East","private"
"87be4af9-9344-4147-b31a-539a48bdb85e","Vehicle-DM258","2026-02-01 01:01:24.885","1.4411255224332242","North-East","private"
"4112bae2-b15d-4939-9901-e95ed9c82c10","Vehicle-DM258","2026-02-01 01:01:57.885","22.39534076575479","North-East","private"
"1b09ef75-82c4-42b2-85a1-b8d731e46b90","Vehicle-DM258","2026-02-01 01:02:37.885","16.468526662062146","North-East","private"
"0b34ed05-b80a-4a82-b518-5d41e7da436c","Vehicle-DM258","2026-02-01 01:03:21.885","32.821455238862484","North-East","private"
"461becf8-008b-44d7-a98a-de9cbecf251e","Vehicle-DM258","2026-02-01 01:04:12.885","21.448629299148877","North-East","private"
"35be4e9e-b88c-41cd-a580-a0c71062faef","Vehicle-DM258","2026-02-01 01:05:05.885","17.45575535482432","North-East","private"
"d7cabc15-b505-4681-97b3-8b63954d8e0e","Vehicle-DM258","2026-02-01 01:05:56.885","29.67800311357906","North-East","private"
"33fafc02-1ec6-4ed6-9477-f7edda5c0481","Vehicle-DM258","2026-02-01 01:06:36.885","11.826208101037881","North-East","private"
"9cd99094-908a-435c-86e8-160b5aa08968","Vehicle-DM258","2026-02-01 01:38:44.885","39.89703691824862","North-East","private"
"dd1aaa96-2ca1-406c-9b4c-9e9d640c16f4","Vehicle-DM258","2026-02-01 01:39:15.885","2.2447691242002765","North-East","private"
"989938e0-bb97-4438-baef-856be1bb26be","Vehicle-DM258","2026-01-31 00:17:54.650","5.581517141005756","North-East","private"
"a155442d-8fda-47a3-811e-3c5338017686","Vehicle-DM258","2026-01-31 00:18:46.650","8.817624881627868","North-East","private"
"9bfe1d42-57b6-43dc-9443-7388a9dcb6b6","Vehicle-DM258","2026-01-31 00:19:18.650","14.359175219385136","North-East","private"
"d12977e9-7373-4471-abc4-48f570ee964d","Vehicle-DM258","2026-01-31 00:20:07.650","14.46540104667906","North-East","private"
"bfae818f-00c0-4345-8200-5f849c049695","Vehicle-DM258","2026-01-31 00:21:03.650","14.807238684675305","North-East","private"
"13466c10-8828-4ff3-914a-063a77d3536b","Vehicle-DM258","2026-01-31 00:22:02.650","22.27798975098585","North-East","private"
"1bbcefae-9117-417b-9bfb-ce52aa1e1f60","Vehicle-DM258","2026-01-31 00:22:54.650","26.2175466117952","North-East","private"
"3446694d-f8c6-4ece-8c44-c5504fee18bf","Vehicle-DM258","2026-01-31 00:23:31.650","5.533269795634235","North-East","private"
"25205a3f-6d9d-4b68-8d1a-a4d3991b74f2","Vehicle-DM258","2026-01-31 00:24:15.650","38.84313510454473","North-East","private"
"8b8f9d03-3c98-41ef-8cf2-c97cf176ad3d","Vehicle-DM258","2026-01-31 00:24:45.650","35.03411761512776","North-East","private"
"03b38a68-4a5d-4f26-b757-d2564de2368a","Vehicle-DM258","2026-01-31 00:25:32.650","36.89736322473099","North-East","private"
"02f15d04-b08d-409e-a192-84f04d886a07","Vehicle-DM258","2026-01-31 00:26:32.650","29.27630379378511","North-East","private"
"17f3e741-dae9-4cfb-bfbd-715a04cdc5a2","Vehicle-DM258","2026-01-31 00:27:26.650","8.046042535587837","North-East","private"
"6bca7681-1e5a-45fb-8135-f43c45acd0f3","Vehicle-DM258","2026-01-31 00:28:14.650","2.8397234403613014","North-East","private"
"7309bd9c-4c1c-4812-bd97-11a3057835c6","Vehicle-DM258","2026-01-31 00:28:48.650","35.295323005629506","North-East","private"
"0136339e-0c46-4973-b4bd-2305094b1340","Vehicle-DM258","2026-01-31 00:29:41.650","26.138219530631662","North-East","private"
"c0232968-fa58-4eed-8d3d-1b6d04d33455","Vehicle-DM258","2026-01-31 00:30:25.650","36.93062397104051","North-East","private"
"5632f05f-dec0-4a3a-a316-bc85a5fd5486","Vehicle-DM258","2026-01-31 00:31:22.650","2.345415998887157","North-East","private"
"198cf125-24a3-4083-a8af-1c871679ee06","Vehicle-DM258","2026-01-31 00:32:22.650","29.429487151561737","North-East","private"
"9e0ebc33-6685-4dd5-b88e-d1f98f095db3","Vehicle-DM258","2026-01-31 00:33:19.650","23.801404258001106","North-East","private"
"773641bd-184d-4723-8971-f047213272fc","Vehicle-DM258","2026-01-31 00:34:07.650","12.654793839069086","North-East","private"
"6e5fd49b-ff32-4de1-aae8-81d17ab3fcdb","Vehicle-DM258","2026-01-31 00:34:37.650","39.93817763417769","North-East","private"
"81baf18f-8f72-478c-8e57-cb784a4226b2","Vehicle-DM258","2026-01-31 00:35:33.650","12.100685719155596","North-East","private"
"544f8c02-e669-4c4a-af23-ae1fe58694a6","Vehicle-DM258","2026-01-31 00:36:20.650","11.270250858315771","North-East","private"
"b032378e-b9e0-41f0-a71e-55ec12b79f4c","Vehicle-DM258","2026-01-31 00:36:58.650","13.342261544203527","North-East","private"
"6b71c65b-813e-4df2-ae81-4f9fd94b0925","Vehicle-DM258","2026-01-31 00:37:56.650","1.4411255224332242","North-East","private"
"a7ecf700-1403-4895-b623-81559337e20d","Vehicle-DM258","2026-01-31 00:38:29.650","22.39534076575479","North-East","private"
"9f6985e2-08c4-4e28-888f-6e6234e2f311","Vehicle-DM258","2026-01-31 00:39:09.650","16.468526662062146","North-East","private"
"21c7a9a5-20c0-4ba8-80a9-4cd70f65add0","Vehicle-DM258","2026-01-31 00:39:53.650","32.821455238862484","North-East","private"
"816ae2a8-7c2b-4181-9c45-11828cf8f47e","Vehicle-DM258","2026-01-31 00:40:44.650","21.448629299148877","North-East","private"
"9ea77614-b362-49c8-a230-28812912c973","Vehicle-DM258","2026-01-31 00:41:37.650","17.45575535482432","North-East","private"
"1e5f0ae5-9d61-4b07-a9d7-3474d14f85d4","Vehicle-DM258","2026-01-31 00:42:28.650","29.67800311357906","North-East","private"
"4e86a7bc-6dd9-416a-bb87-5c6365a4680d","Vehicle-DM258","2026-01-31 00:43:08.650","11.826208101037881","North-East","private"
"c82ee2f9-da0f-4cdf-8789-54133e04c5b4","Vehicle-DM258","2026-01-31 00:43:47.650","17.195525999593386","North-East","private"
"c077aa57-c886-4e00-9383-c9c110c26a8e","Vehicle-DM258","2026-01-31 00:44:36.650","32.73693858146657","North-East","private"
"d4d3e76c-f96d-427a-9ec4-7d920af767c9","Vehicle-DM258","2026-01-31 00:45:24.650","27.8541700196202","North-East","private"
"1dda1c60-2752-4562-b45d-1dc049b7e08b","Vehicle-DM258","2026-01-31 00:46:16.650","2.008735405625637","North-East","private"
"e2e6cde0-891e-475f-8067-a107f18da922","Vehicle-DM258","2026-01-31 00:47:05.650","35.680811853640726","North-East","private"
"c5e5ef26-489e-457f-b194-7cd2edfa1924","Vehicle-DM258","2026-01-31 00:47:55.650","17.59490373059611","North-East","private"
"f96bd7ae-6405-4551-bd07-f8b6f7444afe","Vehicle-DM258","2026-01-31 00:48:31.650","16.303974786663467","North-East","private"
"42f316f6-d9cf-43f1-b4fa-3cb42500a85b","Vehicle-DM258","2026-01-31 00:49:13.650","37.709666297363874","North-East","private"
"1e507de2-4a71-406c-873b-e64142e2762c","Vehicle-DM258","2026-01-31 00:49:58.650","13.445181747935298","North-East","private"
"60b6a98a-dcf4-4194-b983-27c7c65c0833","Vehicle-DM258","2026-01-31 00:50:49.650","25.70998592037343","North-East","private"
"c6cbafbb-64e1-4f06-a2e5-03774c17c956","Vehicle-DM258","2026-01-31 00:51:43.650","16.86259307034955","North-East","private"
"42efb46f-bc70-4a24-891f-fbc6f3a0aa00","Vehicle-DM258","2026-01-31 00:52:19.650","24.853426263446316","North-East","private"
"c0ab6ab9-90ae-4b67-8077-b31ce7817669","Vehicle-DM258","2026-01-31 00:53:12.650","31.111675447017305","North-East","private"
"65e61ec3-dcf0-406c-ad03-76835472f3c7","Vehicle-DM258","2026-01-31 00:54:00.650","25.089695824041776","North-East","private"
"f8cac2c7-ccb8-4be5-9cfe-75a328b06f4b","Vehicle-DM258","2026-01-31 00:54:41.650","25.901730162272205","North-East","private"
"e0e85bf3-208c-46d2-b617-47e44cac9382","Vehicle-DM258","2026-01-31 00:55:41.650","24.636494162142043","North-East","private"
"1a7325e7-c945-4ea5-8823-985e85f9d219","Vehicle-DM258","2026-01-31 00:56:35.650","24.413268169220824","North-East","private"
"7d32504c-35e0-4f23-94fc-02c5957f4101","Vehicle-DM258","2026-01-31 00:57:33.650","0.40604457754708445","North-East","private"
"09eddbf2-ec7d-44a8-a519-50bf3991db2d","Vehicle-DM258","2026-01-31 00:58:12.650","27.671486211808073","North-East","private"
"40aa2187-c42e-4224-b884-f0dfc1063fa1","Vehicle-DM258","2026-01-31 00:58:51.650","4.826235390092233","North-East","private"
"c1adf290-293d-449b-8fb8-6d7f421c9630","Vehicle-DM258","2026-01-31 00:59:45.650","11.3199481309982","North-East","private"
"08f3927e-f869-4fff-bbe7-f39dd105d721","Vehicle-DM258","2026-01-31 01:00:32.650","37.76358459182963","North-East","private"
"70544101-8f49-469b-b9d0-5f393a5f154a","Vehicle-DM258","2026-01-31 01:01:32.650","4.563485628996982","North-East","private"
"6cdc70d0-8b19-4953-8925-d368b626e840","Vehicle-DM258","2026-01-31 01:02:19.650","24.252706049718512","North-East","private"
"27e5e367-8903-495c-880d-32abeb678433","Vehicle-DM258","2026-01-31 01:03:08.650","3.969342990991529","North-East","private"
"baf267ea-61e4-4398-be30-6694e90ec73d","Vehicle-DM258","2026-01-31 01:03:57.650","1.3055942152369715","North-East","private"
"e72f8479-0f96-4944-9694-5f28b769c08e","Vehicle-DM258","2026-01-31 01:04:47.650","10.625298865625608","North-East","private"
"8bc4690a-48d4-46a8-bac2-9e9a57d30c8a","Vehicle-DM258","2026-01-31 01:05:39.650","10.889847725770526","North-East","private"
"7cc4cefe-d3ed-4751-b0cd-10ca87728679","Vehicle-DM258","2026-01-31 01:06:30.650","23.007964368797218","North-East","private"
"c8866bcc-4752-4504-bc44-7e0a34ed9980","Vehicle-DM258","2026-01-31 01:07:20.650","38.76220944262815","North-East","private"
"21814dfb-09af-42a3-9429-6273f038213a","Vehicle-DM258","2026-01-31 01:08:14.650","18.193036344069178","North-East","private"
"fe00dc15-9a2c-4788-895d-4a0ce9d7e715","Vehicle-DM258","2026-01-31 01:08:55.650","19.939724095287545","North-East","private"
"130a78a5-7c19-4ce4-a46c-2ff7d75333fe","Vehicle-DM258","2026-01-31 01:09:50.650","6.335126552209296","North-East","private"
"ea320c87-e0f2-4deb-97a3-7e3c71c6b57a","Vehicle-DM258","2026-01-31 01:10:36.650","16.619613717414122","North-East","private"
"fa0db1db-4503-47fb-9548-d8616a209e0e","Vehicle-DM258","2026-01-31 01:11:31.650","13.59500972457182","North-East","private"
"4cc7ddf4-8e32-4e2d-bc40-4342ba607aff","Vehicle-DM258","2026-01-31 01:12:16.650","22.07669668283244","North-East","private"
"b02fc293-3e78-46b0-a36d-6743e8d812d2","Vehicle-DM258","2026-01-31 01:12:56.650","28.209115241000102","North-East","private"
"4c8a946e-88ac-4474-b815-1917e85bacfd","Vehicle-DM258","2026-01-31 01:13:36.650","34.967614962172334","North-East","private"
"ad84e294-a40d-48cc-845c-a46f1323c1be","Vehicle-DM258","2026-01-31 01:14:25.650","25.993466103170903","North-East","private"
"dda20737-cd97-4e60-b9ef-8282de57b00e","Vehicle-DM258","2026-01-31 01:15:16.650","39.89703691824862","North-East","private"
"8cffca49-e1af-446b-9668-e5cc513ba74f","Vehicle-DM258","2026-01-31 01:15:47.650","2.2447691242002765","North-East","private"
"0531a6a2-e069-48a2-8c62-e26ec8819c49","Vehicle-DM258","2026-01-31 01:16:29.650","9.633191674252522","North-East","private"
"4188e8be-56b8-4570-92b5-4e5630485b3e","Vehicle-DM258","2026-01-31 01:17:04.650","37.80942539738584","North-East","private"
"c6989ffa-4f7c-48e3-8724-4b3227bcd1ed","Vehicle-DM258","2026-01-31 01:17:37.650","22.876907694029555","North-East","private"
"01ed32a1-cced-4e95-a9bc-4dd0433e5e1b","Vehicle-DM258","2026-01-31 01:18:33.650","11.44776605836778","North-East","private"
"50caad8e-3e56-4a93-a8f5-d41d3c02160e","Vehicle-DM258","2026-01-31 01:19:12.650","1.3345812498252974","North-East","private"
"00371821-c342-469b-b5df-e62f41f64d7d","Vehicle-DM258","2026-01-31 01:19:53.650","36.53947897926788","North-East","private"
"0fa02e92-db8d-4d18-bfcd-f5d7f957b809","Vehicle-DM258","2026-01-31 01:20:47.650","34.40562387595287","North-East","private"
"c7ea0a23-a6d6-4cc6-a029-e45bd9cabd54","Vehicle-DM258","2026-01-31 01:21:28.650","26.893631894040524","North-East","private"
"ff8b8445-c0a8-47cc-ac3c-3ca1ae98acf0","Vehicle-DM258","2026-01-31 01:22:00.650","18.570701452907215","North-East","private"
"c6e9b460-afe5-4697-82db-4ebf8a18b096","Vehicle-DM258","2026-01-31 01:22:34.650","14.840460619475309","North-East","private"
"949ed193-7ef6-4a3b-a704-73149b9c083b","Vehicle-DM258","2026-01-31 01:23:26.650","17.735323442428065","North-East","private"
"90316d9b-2031-4c29-9355-fee85e34948a","Vehicle-DM258","2026-01-31 01:23:59.650","32.96764327726286","North-East","private"
"00e3fb3f-f33e-4500-8ec2-0b0a5a033d01","Vehicle-DM258","2026-01-31 01:24:35.650","30.60629503554338","North-East","private"
"46673e1f-c028-4f29-9057-b8e665471597","Vehicle-DM258","2026-01-31 01:25:09.650","31.940552942304944","North-East","private"
"a933e663-d6b7-43dc-91e3-27a39171ef1f","Vehicle-DM258","2026-01-31 01:26:02.650","4.5459722714618644","North-East","private"
"c2920c8c-57e6-4b24-a02d-95ab5264a12a","Vehicle-DM258","2026-01-31 01:26:53.650","18.321700883907283","North-East","private"
"432a29ec-af88-4569-983c-5bf78f5c5cb0","Vehicle-DM258","2026-01-31 01:27:42.650","5.047663532202242","North-East","private"
"b2a9925e-dfa7-4920-8200-6ea3c6517918","Vehicle-DM258","2026-01-31 01:28:39.650","35.10824852256856","North-East","private"
"320dad7c-5cac-466f-9b28-a17754e14558","Vehicle-DM258","2026-01-31 01:29:22.650","10.195591859311168","North-East","private"
"1f1ed58e-d894-4067-900c-00bd07cfb251","Vehicle-DM258","2026-01-31 01:30:09.650","26.80053058929183","North-East","private"
"a3ad84ba-9fa5-474e-b7b9-1a51ddb2aac9","Vehicle-DM258","2026-01-31 01:31:00.650","33.89099392539811","North-East","private"
"0b9343cd-63c8-4275-a913-dc01d99ff582","Vehicle-DM258","2026-01-31 01:31:52.650","7.216642878434176","North-East","private"
"814d5a41-4418-48fa-a52c-34fab8712337","Vehicle-DM258","2026-01-31 01:32:22.650","21.21930754635718","North-East","private"
"b36d137a-f031-424f-8d5a-a752c576c591","Vehicle-DM258","2026-01-31 01:33:16.650","26.958748424524522","North-East","private"
"946fb97e-e3fa-4489-96e2-fde8284c9479","Vehicle-DM258","2026-01-31 01:34:07.650","19.465310134570032","North-East","private"
"5a96ed06-6349-40b5-a8cf-0e1c7185d68c","Vehicle-DM258","2026-01-31 01:34:46.650","0.3091962627724776","North-East","private"
"21ca8ecc-f426-46ee-9a2e-048d7ddaebc3","Vehicle-DM258","2026-02-01 19:04:25.407","2.008735405625637","North-East","private"
"fd2447ef-d47c-46ed-a0a9-3f021d5329ea","Vehicle-DM258","2026-02-01 19:05:14.407","35.680811853640726","North-East","private"
"4042cf61-8d7c-484e-986f-977205f9eb45","Vehicle-DM258","2026-02-01 19:06:04.407","17.59490373059611","North-East","private"
"fa4d0cd8-b0fa-45c3-9924-78ff57f6f31c","Vehicle-DM258","2026-02-01 01:21:40.885","27.671486211808073","North-East","private"
"716bc998-b2a2-45ce-9629-d69cc0c1c61d","Vehicle-DM258","2026-02-01 01:22:19.885","4.826235390092233","North-East","private"
"2a827bfb-49db-40de-a4c3-a5f257e178aa","Vehicle-DM258","2026-02-01 01:29:58.885","23.007964368797218","North-East","private"
"7baba603-38b2-4197-9e74-89d0f2279d43","Vehicle-DM258","2026-02-01 01:30:48.885","38.76220944262815","North-East","private"
"6e619ae5-c521-499a-b5f7-b45d54a3b2e5","Vehicle-DM258","2026-02-01 01:43:21.885","36.53947897926788","North-East","private"
"435565cd-942f-4cab-a99c-175ecac8b081","Vehicle-DM258","2026-02-01 01:44:15.885","34.40562387595287","North-East","private"
"81a895ac-025e-4cc4-b995-2d7e2136a237","Vehicle-DM258","2026-02-01 19:22:56.407","10.625298865625608","North-East","private"
"3e0004cf-4880-4087-806c-e4e34fa67438","Vehicle-DM258","2026-02-01 19:23:48.407","10.889847725770526","North-East","private"
"89f5e493-5d34-45c8-bcc7-6637c6eadd21","Vehicle-DM258","2026-02-01 19:24:39.407","23.007964368797218","North-East","private"
"740dbb26-278f-4543-bd3f-ff3628099d7b","Vehicle-DM258","2026-02-01 19:25:29.407","38.76220944262815","North-East","private"
"81a16301-989c-4e05-925c-985c03a52e5a","Vehicle-DM258","2026-02-01 19:26:23.407","18.193036344069178","North-East","private"
"86fc48e2-8463-4802-8619-368c7a5287ec","Vehicle-DM258","2026-02-01 19:27:04.407","19.939724095287545","North-East","private"
"5dc469a3-df8a-4748-b4a3-341bd7530775","Vehicle-DM258","2026-02-01 01:23:13.885","11.3199481309982","North-East","private"
"9183266e-aee8-4cd2-945d-8d3bd0358988","Vehicle-DM258","2026-02-01 01:24:00.885","37.76358459182963","North-East","private"
"09c156c7-535c-469c-963d-2bcb2788b4be","Vehicle-DM258","2026-02-01 01:25:00.885","4.563485628996982","North-East","private"
"72a713c7-d1ed-45a8-8280-a1cc46ece276","Vehicle-DM258","2026-02-01 18:36:03.407","5.581517141005756","North-East","private"
"32db6de0-4a67-43d5-b328-de6ea1dea783","Vehicle-DM258","2026-02-01 18:36:55.407","8.817624881627868","North-East","private"
"29dbcac4-6cc0-464b-a6d6-0ff872184b63","Vehicle-DM258","2026-02-01 18:37:27.407","14.359175219385136","North-East","private"
"5888a8a0-1309-41d5-b60e-535f654f2915","Vehicle-DM258","2026-02-01 18:38:16.407","14.46540104667906","North-East","private"
"06a34058-19c6-49b7-9446-19bfb26f905e","Vehicle-DM258","2026-02-01 18:39:12.407","14.807238684675305","North-East","private"
"d565a55a-4e7c-4efa-8220-15e49014d565","Vehicle-DM258","2026-02-01 18:40:11.407","22.27798975098585","North-East","private"
"81d3ac61-052d-4e19-a33d-c35e71e75ec8","Vehicle-DM258","2026-02-01 18:41:03.407","26.2175466117952","North-East","private"
"3c5f4921-2ca0-4517-9264-cdd837435717","Vehicle-DM258","2026-02-01 18:41:40.407","5.533269795634235","North-East","private"
"59cbbe0b-5386-4f5b-8c5c-292c27f58c55","Vehicle-DM258","2026-02-01 18:42:24.407","38.84313510454473","North-East","private"
"86afaf51-e1de-40d4-8f62-597ca56de837","Vehicle-DM258","2026-02-01 18:42:54.407","35.03411761512776","North-East","private"
"6fdbeb08-db94-474c-85ae-1486251a26b3","Vehicle-DM258","2026-02-01 18:43:41.407","36.89736322473099","North-East","private"
"6d476011-1237-4f1b-b3d7-17b2db3263d5","Vehicle-DM258","2026-02-01 18:44:41.407","29.27630379378511","North-East","private"
"7adb75ae-fb03-42df-83f8-147be66f57af","Vehicle-DM258","2026-02-01 18:45:35.407","8.046042535587837","North-East","private"
"79b7506d-60af-4b1b-9c0f-36fba9cc41e9","Vehicle-DM258","2026-02-01 18:46:23.407","2.8397234403613014","North-East","private"
"ead3ab2f-3480-42c6-a37f-6f7d1a8aa17d","Vehicle-DM258","2026-02-01 01:35:44.885","22.07669668283244","North-East","private"
"95b5dda6-42e3-4032-a524-3bd4941ed0c3","Vehicle-DM258","2026-02-01 01:36:24.885","28.209115241000102","North-East","private"
"3a257e49-55f2-4e59-b2ba-6756c080b735","Vehicle-DM258","2026-02-01 01:20:03.885","24.413268169220824","North-East","private"
"12e35559-010e-4279-92ae-173a573543ff","Vehicle-DM258","2026-02-01 01:21:01.885","0.40604457754708445","North-East","private"
